-- phpMyAdmin SQL Dump
-- version 4.0.8
-- http://www.phpmyadmin.net
--
-- Host: localhost
-- Generation Time: Jan 03, 2014 at 11:32 AM
-- Server version: 5.5.32-cll
-- PHP Version: 5.3.17

SET SQL_MODE = "NO_AUTO_VALUE_ON_ZERO";
SET time_zone = "+00:00";


/*!40101 SET @OLD_CHARACTER_SET_CLIENT=@@CHARACTER_SET_CLIENT */;
/*!40101 SET @OLD_CHARACTER_SET_RESULTS=@@CHARACTER_SET_RESULTS */;
/*!40101 SET @OLD_COLLATION_CONNECTION=@@COLLATION_CONNECTION */;
/*!40101 SET NAMES utf8 */;

--
-- Database: `mantas_mantas`
--

-- --------------------------------------------------------

--
-- Table structure for table `compra`
--

CREATE TABLE IF NOT EXISTS `compra` (
  `id` int(11) NOT NULL AUTO_INCREMENT,
  `facturaNumero` varchar(10) NOT NULL,
  `fechaManual` date NOT NULL,
  `fechaAuto` datetime NOT NULL,
  `total` decimal(10,2) NOT NULL,
  `iva` decimal(10,2) NOT NULL,
  `total_iva_inc` double(10,2) NOT NULL,
  `cantidad` int(11) NOT NULL,
  `status` tinyint(1) NOT NULL,
  PRIMARY KEY (`id`)
) ENGINE=InnoDB  DEFAULT CHARSET=latin1 AUTO_INCREMENT=20 ;

--
-- Dumping data for table `compra`
--

INSERT INTO `compra` (`id`, `facturaNumero`, `fechaManual`, `fechaAuto`, `total`, `iva`, `total_iva_inc`, `cantidad`, `status`) VALUES
(1, '20262', '2013-06-03', '2013-12-26 11:24:17', '24000.00', '5280.00', 29280.00, 16, 1),
(2, '20263', '2013-06-03', '2013-12-26 11:28:42', '140700.00', '30954.00', 171654.00, 91, 1),
(3, '20306', '2013-06-26', '2013-12-26 11:37:57', '84830.00', '18662.60', 103493.00, 51, 1),
(4, '20323', '2013-07-03', '2013-12-26 11:52:20', '42400.00', '9328.00', 51728.00, 26, 1),
(5, '20330', '2013-07-10', '2013-12-26 12:00:21', '10120.00', '2226.40', 12346.00, 6, 1),
(6, '20332', '2013-07-15', '2013-12-26 12:06:14', '110000.00', '24200.00', 134200.00, 65, 1),
(7, '20353', '2013-07-29', '2013-12-26 12:09:24', '81785.00', '17992.70', 99778.00, 58, 1),
(8, '20365', '2013-08-05', '2013-12-26 12:15:57', '126940.00', '27926.80', 154867.00, 88, 1),
(9, '20369', '2013-08-07', '2013-12-26 12:20:10', '12650.00', '2783.00', 15433.00, 10, 1),
(10, '20372', '2013-08-12', '2013-12-26 12:25:44', '99165.00', '21816.30', 120982.00, 63, 1),
(11, '20392', '2013-08-21', '2013-12-26 12:30:38', '107085.00', '23558.70', 130644.00, 65, 1),
(12, '20399', '2013-08-26', '2013-12-26 12:43:14', '19800.00', '4356.00', 24156.00, 20, 1),
(13, '20422', '2013-09-04', '2013-12-26 12:45:01', '32395.00', '7126.90', 39522.00, 23, 1),
(14, '20440', '2013-09-23', '2013-12-26 14:16:32', '19600.00', '4312.00', 23912.00, 98, 1),
(15, '20447', '2013-09-30', '2013-12-26 14:28:16', '102795.00', '22614.90', 125410.00, 68, 1),
(16, '20484', '2013-10-23', '2013-12-26 15:56:27', '9900.00', '2178.00', 12078.00, 10, 1),
(17, '20486', '2013-10-28', '2013-12-26 15:57:39', '7590.00', '1669.80', 9260.00, 6, 1),
(18, '20513', '2013-11-27', '2013-12-26 16:26:22', '85615.00', '18835.30', 104450.00, 97, 1),
(19, '20530', '2013-12-11', '2013-12-26 16:35:46', '26565.00', '5844.30', 32409.00, 21, 1);

-- --------------------------------------------------------

--
-- Table structure for table `compra_productos`
--

CREATE TABLE IF NOT EXISTS `compra_productos` (
  `id` int(11) NOT NULL AUTO_INCREMENT,
  `producto_id` int(11) NOT NULL,
  `compra_id` int(11) NOT NULL,
  `cantidad` int(11) NOT NULL,
  `producto_precio` decimal(10,2) NOT NULL,
  PRIMARY KEY (`id`)
) ENGINE=InnoDB  DEFAULT CHARSET=latin1 AUTO_INCREMENT=173 ;

--
-- Dumping data for table `compra_productos`
--

INSERT INTO `compra_productos` (`id`, `producto_id`, `compra_id`, `cantidad`, `producto_precio`) VALUES
(1, 1, 1, 1, '1150.00'),
(2, 2, 1, 1, '1150.00'),
(3, 5, 1, 1, '1150.00'),
(4, 6, 1, 2, '1150.00'),
(5, 7, 1, 1, '1150.00'),
(6, 8, 1, 1, '1650.00'),
(7, 9, 1, 1, '1650.00'),
(8, 18, 1, 1, '1500.00'),
(9, 21, 1, 1, '2150.00'),
(10, 22, 1, 1, '2150.00'),
(11, 23, 1, 1, '1600.00'),
(12, 24, 1, 1, '1600.00'),
(13, 25, 1, 2, '1600.00'),
(14, 26, 1, 1, '1600.00'),
(15, 1, 2, 8, '1150.00'),
(16, 2, 2, 7, '1150.00'),
(17, 5, 2, 4, '1150.00'),
(18, 6, 2, 7, '1150.00'),
(19, 7, 2, 5, '1150.00'),
(20, 8, 2, 6, '1650.00'),
(21, 9, 2, 6, '1650.00'),
(22, 17, 2, 4, '1500.00'),
(23, 18, 2, 5, '1500.00'),
(24, 19, 2, 4, '2150.00'),
(25, 20, 2, 5, '2150.00'),
(26, 21, 2, 5, '2150.00'),
(27, 22, 2, 3, '2150.00'),
(28, 23, 2, 6, '1600.00'),
(29, 24, 2, 3, '1600.00'),
(30, 25, 2, 8, '1600.00'),
(31, 26, 2, 5, '1600.00'),
(32, 1, 3, 2, '1200.00'),
(33, 2, 3, 4, '1200.00'),
(34, 5, 3, 1, '1200.00'),
(35, 6, 3, 5, '1200.00'),
(36, 7, 3, 4, '1200.00'),
(37, 8, 3, 5, '1690.00'),
(38, 9, 3, 2, '1690.00'),
(39, 17, 3, 2, '1690.00'),
(40, 18, 3, 3, '1690.00'),
(41, 19, 3, 2, '2170.00'),
(42, 20, 3, 5, '2170.00'),
(43, 21, 3, 4, '2170.00'),
(44, 22, 3, 4, '2170.00'),
(45, 23, 3, 2, '1600.00'),
(46, 24, 3, 1, '1600.00'),
(47, 25, 3, 3, '1600.00'),
(48, 26, 3, 2, '1600.00'),
(49, 1, 4, 2, '1150.00'),
(50, 5, 4, 2, '1150.00'),
(51, 6, 4, 2, '1150.00'),
(52, 7, 4, 2, '1150.00'),
(53, 8, 4, 2, '1600.00'),
(54, 9, 4, 1, '1600.00'),
(55, 19, 4, 2, '2150.00'),
(56, 20, 4, 2, '2150.00'),
(57, 21, 4, 2, '2150.00'),
(58, 22, 4, 2, '2150.00'),
(59, 23, 4, 2, '1600.00'),
(60, 24, 4, 2, '1600.00'),
(61, 25, 4, 2, '1600.00'),
(62, 26, 4, 1, '1600.00'),
(63, 6, 5, 1, '1265.00'),
(64, 7, 5, 1, '1265.00'),
(65, 8, 5, 1, '1815.00'),
(66, 17, 5, 1, '1650.00'),
(67, 20, 5, 1, '2365.00'),
(68, 26, 5, 1, '1760.00'),
(69, 1, 6, 5, '1265.00'),
(70, 2, 6, 5, '1265.00'),
(71, 5, 6, 5, '1265.00'),
(72, 6, 6, 5, '1265.00'),
(73, 7, 6, 5, '1265.00'),
(74, 8, 6, 3, '1815.00'),
(75, 9, 6, 4, '1815.00'),
(76, 17, 6, 4, '1650.00'),
(77, 18, 6, 4, '1650.00'),
(78, 19, 6, 3, '2365.00'),
(79, 20, 6, 3, '2365.00'),
(80, 21, 6, 5, '2365.00'),
(81, 22, 6, 3, '2365.00'),
(82, 23, 6, 2, '1760.00'),
(83, 25, 6, 5, '1760.00'),
(84, 26, 6, 4, '1760.00'),
(85, 1, 7, 6, '1265.00'),
(86, 2, 7, 10, '1265.00'),
(87, 5, 7, 8, '1265.00'),
(88, 6, 7, 10, '1265.00'),
(89, 7, 7, 9, '1265.00'),
(90, 8, 7, 4, '1815.00'),
(91, 9, 7, 2, '1815.00'),
(92, 17, 7, 1, '1650.00'),
(93, 18, 7, 4, '1650.00'),
(94, 20, 7, 1, '2365.00'),
(95, 22, 7, 1, '2365.00'),
(96, 23, 7, 2, '1760.00'),
(97, 1, 8, 20, '1265.00'),
(98, 2, 8, 20, '1265.00'),
(99, 6, 8, 10, '1265.00'),
(100, 7, 8, 6, '1265.00'),
(101, 8, 8, 10, '1815.00'),
(102, 9, 8, 10, '1815.00'),
(103, 17, 8, 6, '1650.00'),
(104, 18, 8, 6, '1650.00'),
(105, 5, 9, 10, '1265.00'),
(106, 1, 10, 9, '1265.00'),
(107, 2, 10, 15, '1265.00'),
(108, 5, 10, 10, '1265.00'),
(109, 7, 10, 5, '1265.00'),
(110, 8, 10, 5, '1815.00'),
(111, 9, 10, 5, '1815.00'),
(112, 17, 10, 2, '1650.00'),
(113, 20, 10, 7, '2365.00'),
(114, 21, 10, 3, '2365.00'),
(115, 22, 10, 2, '2365.00'),
(116, 2, 11, 15, '1265.00'),
(117, 6, 11, 10, '1265.00'),
(118, 7, 11, 2, '1265.00'),
(119, 8, 11, 7, '1815.00'),
(120, 9, 11, 7, '1815.00'),
(121, 17, 11, 3, '1650.00'),
(122, 18, 11, 4, '1650.00'),
(123, 19, 11, 2, '2365.00'),
(124, 20, 11, 5, '2365.00'),
(125, 21, 11, 3, '2365.00'),
(126, 23, 11, 2, '1760.00'),
(127, 24, 11, 1, '1760.00'),
(128, 25, 11, 2, '1760.00'),
(129, 26, 11, 2, '1760.00'),
(130, 10, 12, 10, '990.00'),
(131, 11, 12, 10, '990.00'),
(132, 1, 13, 1, '1265.00'),
(133, 2, 13, 9, '1265.00'),
(134, 6, 13, 5, '1265.00'),
(135, 7, 13, 2, '1265.00'),
(136, 8, 13, 6, '1815.00'),
(137, 12, 14, 29, '200.00'),
(138, 13, 14, 22, '200.00'),
(139, 14, 14, 34, '200.00'),
(140, 15, 14, 13, '200.00'),
(141, 1, 15, 8, '1265.00'),
(142, 2, 15, 15, '1265.00'),
(143, 6, 15, 8, '1265.00'),
(144, 7, 15, 8, '1265.00'),
(145, 8, 15, 5, '1815.00'),
(146, 9, 15, 5, '1815.00'),
(147, 17, 15, 5, '1650.00'),
(148, 20, 15, 2, '2365.00'),
(149, 22, 15, 2, '2365.00'),
(150, 23, 15, 2, '1760.00'),
(151, 24, 15, 3, '1760.00'),
(152, 25, 15, 2, '1760.00'),
(153, 26, 15, 3, '1760.00'),
(154, 27, 16, 5, '990.00'),
(155, 28, 16, 5, '990.00'),
(156, 1, 17, 2, '1265.00'),
(157, 6, 17, 4, '1265.00'),
(158, 1, 18, 8, '1265.00'),
(159, 2, 18, 1, '1265.00'),
(160, 7, 18, 6, '1265.00'),
(161, 8, 18, 7, '1815.00'),
(162, 9, 18, 7, '1815.00'),
(163, 13, 18, 10, '200.00'),
(164, 15, 18, 14, '200.00'),
(165, 16, 18, 20, '200.00'),
(166, 17, 18, 10, '1650.00'),
(167, 18, 18, 2, '1650.00'),
(168, 19, 18, 2, '2365.00'),
(169, 27, 18, 5, '790.00'),
(170, 28, 18, 5, '790.00'),
(171, 1, 19, 14, '1265.00'),
(172, 7, 19, 7, '1265.00');

-- --------------------------------------------------------

--
-- Table structure for table `consignacion`
--

CREATE TABLE IF NOT EXISTS `consignacion` (
  `id` int(11) NOT NULL AUTO_INCREMENT,
  `facturaNumero` int(11) NOT NULL,
  `fechaManual` date NOT NULL,
  `fechaAuto` datetime NOT NULL,
  `cantidad` int(11) NOT NULL,
  `total` decimal(10,2) NOT NULL,
  `iva` decimal(10,2) NOT NULL,
  `total_iva_inc` decimal(10,2) NOT NULL,
  `local` int(11) NOT NULL,
  `status` int(11) NOT NULL,
  PRIMARY KEY (`id`)
) ENGINE=InnoDB  DEFAULT CHARSET=latin1 AUTO_INCREMENT=17 ;

--
-- Dumping data for table `consignacion`
--

INSERT INTO `consignacion` (`id`, `facturaNumero`, `fechaManual`, `fechaAuto`, `cantidad`, `total`, `iva`, `total_iva_inc`, `local`, `status`) VALUES
(1, 12, '2013-07-03', '2013-12-26 16:48:24', 4, '6490.00', '1427.80', '7918.00', 1, 1),
(2, 24, '2013-07-24', '2013-12-26 16:50:45', 1, '1265.00', '278.30', '1543.30', 1, 1),
(3, 14, '2013-07-05', '2013-12-27 10:45:01', 3, '4290.00', '943.80', '5233.80', 2, 1),
(4, 16, '2013-07-16', '2013-12-27 10:46:17', 3, '4290.00', '943.80', '5233.80', 2, 1),
(5, 19, '2013-07-16', '2013-12-27 10:48:16', 6, '10615.00', '2335.30', '12950.00', 2, 1),
(6, 22, '2013-07-17', '2013-12-27 10:57:27', 6, '8140.00', '1790.80', '9930.80', 2, 1),
(7, 39, '2013-07-30', '2013-12-27 11:02:24', 4, '5060.00', '1113.20', '6173.20', 2, 1),
(8, 51, '2013-08-07', '2013-12-27 11:05:30', 4, '6930.00', '1524.60', '8454.60', 2, 1),
(9, 62, '2013-08-20', '2013-12-27 11:06:27', 7, '8855.00', '1948.10', '10803.10', 2, 1),
(10, 92, '2013-09-20', '2013-12-27 11:08:11', 1, '1265.00', '278.30', '1543.30', 2, 1),
(11, 95, '2013-09-25', '2013-12-27 11:14:01', 4, '1700.00', '374.00', '2074.00', 2, 1),
(12, 407, '2013-10-15', '2013-12-27 11:19:08', 2, '1980.00', '435.60', '2415.60', 2, 1),
(13, 410, '2013-10-17', '2013-12-27 11:19:49', 1, '1265.00', '278.30', '1543.30', 2, 1),
(14, 412, '2013-10-22', '2013-12-27 11:20:37', 5, '6325.00', '1391.50', '7716.50', 2, 1),
(15, 413, '2013-10-22', '2013-12-27 11:21:24', 4, '1700.00', '374.00', '2074.00', 2, 1),
(16, 436, '2013-12-04', '2013-12-27 11:23:00', 2, '3080.00', '677.60', '3757.60', 2, 1);

-- --------------------------------------------------------

--
-- Table structure for table `consignacion_productos`
--

CREATE TABLE IF NOT EXISTS `consignacion_productos` (
  `id` int(11) NOT NULL AUTO_INCREMENT,
  `producto_id` int(11) NOT NULL,
  `consignacion_id` int(11) NOT NULL,
  `cantidad` tinyint(4) NOT NULL,
  `producto_precio` decimal(10,2) NOT NULL,
  PRIMARY KEY (`id`)
) ENGINE=InnoDB  DEFAULT CHARSET=latin1 AUTO_INCREMENT=50 ;

--
-- Dumping data for table `consignacion_productos`
--

INSERT INTO `consignacion_productos` (`id`, `producto_id`, `consignacion_id`, `cantidad`, `producto_precio`) VALUES
(1, 7, 1, 1, '1265.00'),
(2, 8, 1, 1, '1815.00'),
(3, 18, 1, 1, '1650.00'),
(4, 25, 1, 1, '1760.00'),
(5, 2, 2, 1, '1265.00'),
(6, 6, 3, 1, '1265.00'),
(7, 7, 3, 1, '1265.00'),
(8, 25, 3, 1, '1760.00'),
(9, 2, 4, 1, '1265.00'),
(10, 6, 4, 1, '1265.00'),
(11, 23, 4, 1, '1760.00'),
(12, 6, 5, 1, '1265.00'),
(13, 9, 5, 1, '1815.00'),
(14, 18, 5, 1, '1650.00'),
(15, 21, 5, 1, '2365.00'),
(16, 23, 5, 1, '1760.00'),
(17, 25, 5, 1, '1760.00'),
(18, 1, 6, 1, '1265.00'),
(19, 2, 6, 1, '1265.00'),
(20, 5, 6, 1, '1265.00'),
(21, 6, 6, 1, '1265.00'),
(22, 7, 6, 1, '1265.00'),
(23, 8, 6, 1, '1815.00'),
(24, 2, 7, 4, '1265.00'),
(25, 8, 8, 1, '1815.00'),
(26, 9, 8, 1, '1815.00'),
(27, 17, 8, 1, '1650.00'),
(28, 18, 8, 1, '1650.00'),
(29, 1, 9, 1, '1265.00'),
(30, 2, 9, 4, '1265.00'),
(31, 5, 9, 2, '1265.00'),
(32, 6, 10, 1, '1265.00'),
(33, 12, 11, 1, '425.00'),
(34, 13, 11, 1, '425.00'),
(35, 14, 11, 1, '425.00'),
(36, 15, 11, 1, '425.00'),
(37, 10, 12, 1, '990.00'),
(38, 11, 12, 1, '990.00'),
(39, 2, 13, 1, '1265.00'),
(40, 1, 14, 1, '1265.00'),
(41, 2, 14, 2, '1265.00'),
(42, 6, 14, 1, '1265.00'),
(43, 7, 14, 1, '1265.00'),
(44, 12, 15, 1, '425.00'),
(45, 13, 15, 1, '425.00'),
(46, 14, 15, 1, '425.00'),
(47, 15, 15, 1, '425.00'),
(48, 2, 16, 1, '1265.00'),
(49, 8, 16, 1, '1815.00');

-- --------------------------------------------------------

--
-- Table structure for table `local`
--

CREATE TABLE IF NOT EXISTS `local` (
  `id` int(11) NOT NULL AUTO_INCREMENT,
  `nombre` varchar(50) NOT NULL,
  `detalle` text NOT NULL,
  `consignacion` tinyint(4) NOT NULL,
  `ultima_liquidacion` date DEFAULT NULL,
  `proveedor` tinyint(4) NOT NULL,
  `status` tinyint(4) NOT NULL,
  PRIMARY KEY (`id`)
) ENGINE=InnoDB  DEFAULT CHARSET=latin1 AUTO_INCREMENT=18 ;

--
-- Dumping data for table `local`
--

INSERT INTO `local` (`id`, `nombre`, `detalle`, `consignacion`, `ultima_liquidacion`, `proveedor`, `status`) VALUES
(1, 'Abril Decoración', '', 1, '2013-12-27', 0, 1),
(2, 'De Arcos', 'Paula Pereyra Iraola\nRUT: 1234567890\nTel. 1234568\nGral Santander 1873', 1, '2013-12-25', 0, 1),
(3, 'My Home', '', 1, NULL, 0, 1),
(4, 'Santas Negras', 'José Ignacio', 1, NULL, 0, 1),
(5, 'Achberry', '', 1, '2013-12-23', 0, 1),
(6, 'Free Shop Rivera', '', 1, NULL, 0, 1),
(7, 'Botones y Moños', '', 1, NULL, 0, 1),
(8, 'La Chacra', '', 1, NULL, 0, 1),
(9, 'Manos del Uruguay', '', 1, '2013-12-25', 0, 1),
(10, 'Home Collection', '', 1, NULL, 0, 1),
(11, 'Gochi Paez', '', 1, '2013-12-24', 0, 1),
(12, 'Ruralanas', '', 1, NULL, 0, 1),
(13, 'Las Pasionaria', '', 1, NULL, 0, 1),
(14, 'Parakasa', '', 1, NULL, 0, 1),
(15, 'La Ibércia', '', 1, NULL, 0, 1),
(16, 'Tacuara', '', 1, NULL, 0, 1),
(17, 'Agolan', '', 0, NULL, 1, 1);

-- --------------------------------------------------------

--
-- Table structure for table `movimientos_productos`
--

CREATE TABLE IF NOT EXISTS `movimientos_productos` (
  `id` int(11) NOT NULL AUTO_INCREMENT,
  `producto_id` int(11) DEFAULT NULL,
  `compra_id` tinyint(4) NOT NULL,
  `producto_precioCompra` decimal(10,2) NOT NULL,
  `local_id` int(11) DEFAULT NULL,
  `consignacion_id` int(11) DEFAULT NULL,
  `consignacionPrecio` double(10,2) DEFAULT NULL,
  `venta_oficina_id` int(11) DEFAULT NULL,
  `fechaVendido` datetime DEFAULT NULL,
  `vendidoPrecio` decimal(10,2) DEFAULT NULL,
  `recibo_id` int(11) DEFAULT NULL,
  `devolucion` timestamp NULL DEFAULT NULL,
  `status` tinyint(4) NOT NULL DEFAULT '1',
  PRIMARY KEY (`id`)
) ENGINE=InnoDB  DEFAULT CHARSET=latin1 AUTO_INCREMENT=883 ;

--
-- Dumping data for table `movimientos_productos`
--

INSERT INTO `movimientos_productos` (`id`, `producto_id`, `compra_id`, `producto_precioCompra`, `local_id`, `consignacion_id`, `consignacionPrecio`, `venta_oficina_id`, `fechaVendido`, `vendidoPrecio`, `recibo_id`, `devolucion`, `status`) VALUES
(1, 1, 1, '1150.00', NULL, NULL, NULL, NULL, NULL, NULL, NULL, NULL, 1),
(2, 2, 1, '1150.00', NULL, NULL, NULL, NULL, NULL, NULL, NULL, NULL, 1),
(3, 5, 1, '1150.00', NULL, NULL, NULL, NULL, NULL, NULL, NULL, NULL, 1),
(4, 6, 1, '1150.00', NULL, NULL, NULL, NULL, NULL, NULL, NULL, NULL, 1),
(5, 6, 1, '1150.00', NULL, NULL, NULL, NULL, NULL, NULL, NULL, NULL, 1),
(6, 7, 1, '1150.00', NULL, NULL, NULL, NULL, NULL, NULL, NULL, NULL, 1),
(7, 8, 1, '1650.00', NULL, NULL, NULL, NULL, NULL, NULL, NULL, NULL, 1),
(8, 9, 1, '1650.00', NULL, NULL, NULL, NULL, NULL, NULL, NULL, NULL, 1),
(9, 18, 1, '1500.00', NULL, NULL, NULL, NULL, NULL, NULL, NULL, NULL, 1),
(10, 21, 1, '2150.00', NULL, NULL, NULL, NULL, NULL, NULL, NULL, NULL, 1),
(11, 22, 1, '2150.00', NULL, NULL, NULL, NULL, NULL, NULL, NULL, NULL, 1),
(12, 23, 1, '1600.00', NULL, NULL, NULL, NULL, NULL, NULL, NULL, NULL, 1),
(13, 24, 1, '1600.00', NULL, NULL, NULL, NULL, NULL, NULL, NULL, NULL, 1),
(14, 25, 1, '1600.00', NULL, NULL, NULL, NULL, NULL, NULL, NULL, NULL, 1),
(15, 25, 1, '1600.00', NULL, NULL, NULL, NULL, NULL, NULL, NULL, NULL, 1),
(16, 26, 1, '1600.00', NULL, NULL, NULL, NULL, NULL, NULL, NULL, NULL, 1),
(17, 1, 2, '1150.00', NULL, NULL, NULL, NULL, NULL, NULL, NULL, NULL, 1),
(18, 1, 2, '1150.00', NULL, NULL, NULL, NULL, NULL, NULL, NULL, NULL, 1),
(19, 1, 2, '1150.00', NULL, NULL, NULL, NULL, NULL, NULL, NULL, NULL, 1),
(20, 1, 2, '1150.00', NULL, NULL, NULL, NULL, NULL, NULL, NULL, NULL, 1),
(21, 1, 2, '1150.00', NULL, NULL, NULL, NULL, NULL, NULL, NULL, NULL, 1),
(22, 1, 2, '1150.00', NULL, NULL, NULL, NULL, NULL, NULL, NULL, NULL, 1),
(23, 1, 2, '1150.00', NULL, NULL, NULL, NULL, NULL, NULL, NULL, NULL, 1),
(24, 1, 2, '1150.00', NULL, NULL, NULL, NULL, NULL, NULL, NULL, NULL, 1),
(25, 2, 2, '1150.00', NULL, NULL, NULL, NULL, NULL, NULL, NULL, NULL, 1),
(26, 2, 2, '1150.00', NULL, NULL, NULL, NULL, NULL, NULL, NULL, NULL, 1),
(27, 2, 2, '1150.00', NULL, NULL, NULL, NULL, NULL, NULL, NULL, NULL, 1),
(28, 2, 2, '1150.00', NULL, NULL, NULL, NULL, NULL, NULL, NULL, NULL, 1),
(29, 2, 2, '1150.00', NULL, NULL, NULL, NULL, NULL, NULL, NULL, NULL, 1),
(30, 2, 2, '1150.00', NULL, NULL, NULL, NULL, NULL, NULL, NULL, NULL, 1),
(31, 2, 2, '1150.00', NULL, NULL, NULL, NULL, NULL, NULL, NULL, NULL, 1),
(32, 5, 2, '1150.00', NULL, NULL, NULL, NULL, NULL, NULL, NULL, NULL, 1),
(33, 5, 2, '1150.00', NULL, NULL, NULL, NULL, NULL, NULL, NULL, NULL, 1),
(34, 5, 2, '1150.00', NULL, NULL, NULL, NULL, NULL, NULL, NULL, NULL, 1),
(35, 5, 2, '1150.00', NULL, NULL, NULL, NULL, NULL, NULL, NULL, NULL, 1),
(36, 6, 2, '1150.00', NULL, NULL, NULL, NULL, NULL, NULL, NULL, NULL, 1),
(37, 6, 2, '1150.00', NULL, NULL, NULL, NULL, NULL, NULL, NULL, NULL, 1),
(38, 6, 2, '1150.00', NULL, NULL, NULL, NULL, NULL, NULL, NULL, NULL, 1),
(39, 6, 2, '1150.00', NULL, NULL, NULL, NULL, NULL, NULL, NULL, NULL, 1),
(40, 6, 2, '1150.00', NULL, NULL, NULL, NULL, NULL, NULL, NULL, NULL, 1),
(41, 6, 2, '1150.00', NULL, NULL, NULL, NULL, NULL, NULL, NULL, NULL, 1),
(42, 6, 2, '1150.00', NULL, NULL, NULL, NULL, NULL, NULL, NULL, NULL, 1),
(43, 7, 2, '1150.00', NULL, NULL, NULL, NULL, NULL, NULL, NULL, NULL, 1),
(44, 7, 2, '1150.00', NULL, NULL, NULL, NULL, NULL, NULL, NULL, NULL, 1),
(45, 7, 2, '1150.00', NULL, NULL, NULL, NULL, NULL, NULL, NULL, NULL, 1),
(46, 7, 2, '1150.00', NULL, NULL, NULL, NULL, NULL, NULL, NULL, NULL, 1),
(47, 7, 2, '1150.00', NULL, NULL, NULL, NULL, NULL, NULL, NULL, NULL, 1),
(48, 8, 2, '1650.00', NULL, NULL, NULL, NULL, NULL, NULL, NULL, NULL, 1),
(49, 8, 2, '1650.00', NULL, NULL, NULL, NULL, NULL, NULL, NULL, NULL, 1),
(50, 8, 2, '1650.00', NULL, NULL, NULL, NULL, NULL, NULL, NULL, NULL, 1),
(51, 8, 2, '1650.00', NULL, NULL, NULL, NULL, NULL, NULL, NULL, NULL, 1),
(52, 8, 2, '1650.00', NULL, NULL, NULL, NULL, NULL, NULL, NULL, NULL, 1),
(53, 8, 2, '1650.00', NULL, NULL, NULL, NULL, NULL, NULL, NULL, NULL, 1),
(54, 9, 2, '1650.00', NULL, NULL, NULL, NULL, NULL, NULL, NULL, NULL, 1),
(55, 9, 2, '1650.00', NULL, NULL, NULL, NULL, NULL, NULL, NULL, NULL, 1),
(56, 9, 2, '1650.00', NULL, NULL, NULL, NULL, NULL, NULL, NULL, NULL, 1),
(57, 9, 2, '1650.00', NULL, NULL, NULL, NULL, NULL, NULL, NULL, NULL, 1),
(58, 9, 2, '1650.00', NULL, NULL, NULL, NULL, NULL, NULL, NULL, NULL, 1),
(59, 9, 2, '1650.00', NULL, NULL, NULL, NULL, NULL, NULL, NULL, NULL, 1),
(60, 17, 2, '1500.00', NULL, NULL, NULL, NULL, NULL, NULL, NULL, NULL, 1),
(61, 17, 2, '1500.00', NULL, NULL, NULL, NULL, NULL, NULL, NULL, NULL, 1),
(62, 17, 2, '1500.00', NULL, NULL, NULL, NULL, NULL, NULL, NULL, NULL, 1),
(63, 17, 2, '1500.00', NULL, NULL, NULL, NULL, NULL, NULL, NULL, NULL, 1),
(64, 18, 2, '1500.00', NULL, NULL, NULL, NULL, NULL, NULL, NULL, NULL, 1),
(65, 18, 2, '1500.00', NULL, NULL, NULL, NULL, NULL, NULL, NULL, NULL, 1),
(66, 18, 2, '1500.00', NULL, NULL, NULL, NULL, NULL, NULL, NULL, NULL, 1),
(67, 18, 2, '1500.00', NULL, NULL, NULL, NULL, NULL, NULL, NULL, NULL, 1),
(68, 18, 2, '1500.00', NULL, NULL, NULL, NULL, NULL, NULL, NULL, NULL, 1),
(69, 19, 2, '2150.00', NULL, NULL, NULL, NULL, NULL, NULL, NULL, NULL, 1),
(70, 19, 2, '2150.00', NULL, NULL, NULL, NULL, NULL, NULL, NULL, NULL, 1),
(71, 19, 2, '2150.00', NULL, NULL, NULL, NULL, NULL, NULL, NULL, NULL, 1),
(72, 19, 2, '2150.00', NULL, NULL, NULL, NULL, NULL, NULL, NULL, NULL, 1),
(73, 20, 2, '2150.00', NULL, NULL, NULL, NULL, NULL, NULL, NULL, NULL, 1),
(74, 20, 2, '2150.00', NULL, NULL, NULL, NULL, NULL, NULL, NULL, NULL, 1),
(75, 20, 2, '2150.00', NULL, NULL, NULL, NULL, NULL, NULL, NULL, NULL, 1),
(76, 20, 2, '2150.00', NULL, NULL, NULL, NULL, NULL, NULL, NULL, NULL, 1),
(77, 20, 2, '2150.00', NULL, NULL, NULL, NULL, NULL, NULL, NULL, NULL, 1),
(78, 21, 2, '2150.00', NULL, NULL, NULL, NULL, NULL, NULL, NULL, NULL, 1),
(79, 21, 2, '2150.00', NULL, NULL, NULL, NULL, NULL, NULL, NULL, NULL, 1),
(80, 21, 2, '2150.00', NULL, NULL, NULL, NULL, NULL, NULL, NULL, NULL, 1),
(81, 21, 2, '2150.00', NULL, NULL, NULL, NULL, NULL, NULL, NULL, NULL, 1),
(82, 21, 2, '2150.00', NULL, NULL, NULL, NULL, NULL, NULL, NULL, NULL, 1),
(83, 22, 2, '2150.00', NULL, NULL, NULL, NULL, NULL, NULL, NULL, NULL, 1),
(84, 22, 2, '2150.00', NULL, NULL, NULL, NULL, NULL, NULL, NULL, NULL, 1),
(85, 22, 2, '2150.00', NULL, NULL, NULL, NULL, NULL, NULL, NULL, NULL, 1),
(86, 23, 2, '1600.00', NULL, NULL, NULL, NULL, NULL, NULL, NULL, NULL, 1),
(87, 23, 2, '1600.00', NULL, NULL, NULL, NULL, NULL, NULL, NULL, NULL, 1),
(88, 23, 2, '1600.00', NULL, NULL, NULL, NULL, NULL, NULL, NULL, NULL, 1),
(89, 23, 2, '1600.00', NULL, NULL, NULL, NULL, NULL, NULL, NULL, NULL, 1),
(90, 23, 2, '1600.00', NULL, NULL, NULL, NULL, NULL, NULL, NULL, NULL, 1),
(91, 23, 2, '1600.00', NULL, NULL, NULL, NULL, NULL, NULL, NULL, NULL, 1),
(92, 24, 2, '1600.00', NULL, NULL, NULL, NULL, NULL, NULL, NULL, NULL, 1),
(93, 24, 2, '1600.00', NULL, NULL, NULL, NULL, NULL, NULL, NULL, NULL, 1),
(94, 24, 2, '1600.00', NULL, NULL, NULL, NULL, NULL, NULL, NULL, NULL, 1),
(95, 25, 2, '1600.00', NULL, NULL, NULL, NULL, NULL, NULL, NULL, NULL, 1),
(96, 25, 2, '1600.00', NULL, NULL, NULL, NULL, NULL, NULL, NULL, NULL, 1),
(97, 25, 2, '1600.00', NULL, NULL, NULL, NULL, NULL, NULL, NULL, NULL, 1),
(98, 25, 2, '1600.00', NULL, NULL, NULL, NULL, NULL, NULL, NULL, NULL, 1),
(99, 25, 2, '1600.00', NULL, NULL, NULL, NULL, NULL, NULL, NULL, NULL, 1),
(100, 25, 2, '1600.00', NULL, NULL, NULL, NULL, NULL, NULL, NULL, NULL, 1),
(101, 25, 2, '1600.00', NULL, NULL, NULL, NULL, NULL, NULL, NULL, NULL, 1),
(102, 25, 2, '1600.00', NULL, NULL, NULL, NULL, NULL, NULL, NULL, NULL, 1),
(103, 26, 2, '1600.00', NULL, NULL, NULL, NULL, NULL, NULL, NULL, NULL, 1),
(104, 26, 2, '1600.00', NULL, NULL, NULL, NULL, NULL, NULL, NULL, NULL, 1),
(105, 26, 2, '1600.00', NULL, NULL, NULL, NULL, NULL, NULL, NULL, NULL, 1),
(106, 26, 2, '1600.00', NULL, NULL, NULL, NULL, NULL, NULL, NULL, NULL, 1),
(107, 26, 2, '1600.00', NULL, NULL, NULL, NULL, NULL, NULL, NULL, NULL, 1),
(108, 1, 3, '1200.00', NULL, NULL, NULL, NULL, NULL, NULL, NULL, NULL, 1),
(109, 1, 3, '1200.00', NULL, NULL, NULL, NULL, NULL, NULL, NULL, NULL, 1),
(110, 2, 3, '1200.00', NULL, NULL, NULL, NULL, NULL, NULL, NULL, NULL, 1),
(111, 2, 3, '1200.00', NULL, NULL, NULL, NULL, NULL, NULL, NULL, NULL, 1),
(112, 2, 3, '1200.00', NULL, NULL, NULL, NULL, NULL, NULL, NULL, NULL, 1),
(113, 2, 3, '1200.00', NULL, NULL, NULL, NULL, NULL, NULL, NULL, NULL, 1),
(114, 5, 3, '1200.00', NULL, NULL, NULL, NULL, NULL, NULL, NULL, NULL, 1),
(115, 6, 3, '1200.00', NULL, NULL, NULL, NULL, NULL, NULL, NULL, NULL, 1),
(116, 6, 3, '1200.00', NULL, NULL, NULL, NULL, NULL, NULL, NULL, NULL, 1),
(117, 6, 3, '1200.00', NULL, NULL, NULL, NULL, NULL, NULL, NULL, NULL, 1),
(118, 6, 3, '1200.00', NULL, NULL, NULL, NULL, NULL, NULL, NULL, NULL, 1),
(119, 6, 3, '1200.00', NULL, NULL, NULL, NULL, NULL, NULL, NULL, NULL, 1),
(120, 7, 3, '1200.00', NULL, NULL, NULL, NULL, NULL, NULL, NULL, NULL, 1),
(121, 7, 3, '1200.00', NULL, NULL, NULL, NULL, NULL, NULL, NULL, NULL, 1),
(122, 7, 3, '1200.00', NULL, NULL, NULL, NULL, NULL, NULL, NULL, NULL, 1),
(123, 7, 3, '1200.00', NULL, NULL, NULL, NULL, NULL, NULL, NULL, NULL, 1),
(124, 8, 3, '1690.00', NULL, NULL, NULL, NULL, NULL, NULL, NULL, NULL, 1),
(125, 8, 3, '1690.00', NULL, NULL, NULL, NULL, NULL, NULL, NULL, NULL, 1),
(126, 8, 3, '1690.00', NULL, NULL, NULL, NULL, NULL, NULL, NULL, NULL, 1),
(127, 8, 3, '1690.00', NULL, NULL, NULL, NULL, NULL, NULL, NULL, NULL, 1),
(128, 8, 3, '1690.00', NULL, NULL, NULL, NULL, NULL, NULL, NULL, NULL, 1),
(129, 9, 3, '1690.00', NULL, NULL, NULL, NULL, NULL, NULL, NULL, NULL, 1),
(130, 9, 3, '1690.00', NULL, NULL, NULL, NULL, NULL, NULL, NULL, NULL, 1),
(131, 17, 3, '1690.00', NULL, NULL, NULL, NULL, NULL, NULL, NULL, NULL, 1),
(132, 17, 3, '1690.00', NULL, NULL, NULL, NULL, NULL, NULL, NULL, NULL, 1),
(133, 18, 3, '1690.00', NULL, NULL, NULL, NULL, NULL, NULL, NULL, NULL, 1),
(134, 18, 3, '1690.00', NULL, NULL, NULL, NULL, NULL, NULL, NULL, NULL, 1),
(135, 18, 3, '1690.00', NULL, NULL, NULL, NULL, NULL, NULL, NULL, NULL, 1),
(136, 19, 3, '2170.00', NULL, NULL, NULL, NULL, NULL, NULL, NULL, NULL, 1),
(137, 19, 3, '2170.00', NULL, NULL, NULL, NULL, NULL, NULL, NULL, NULL, 1),
(138, 20, 3, '2170.00', NULL, NULL, NULL, NULL, NULL, NULL, NULL, NULL, 1),
(139, 20, 3, '2170.00', NULL, NULL, NULL, NULL, NULL, NULL, NULL, NULL, 1),
(140, 20, 3, '2170.00', NULL, NULL, NULL, NULL, NULL, NULL, NULL, NULL, 1),
(141, 20, 3, '2170.00', NULL, NULL, NULL, NULL, NULL, NULL, NULL, NULL, 1),
(142, 20, 3, '2170.00', NULL, NULL, NULL, NULL, NULL, NULL, NULL, NULL, 1),
(143, 21, 3, '2170.00', NULL, NULL, NULL, NULL, NULL, NULL, NULL, NULL, 1),
(144, 21, 3, '2170.00', NULL, NULL, NULL, NULL, NULL, NULL, NULL, NULL, 1),
(145, 21, 3, '2170.00', NULL, NULL, NULL, NULL, NULL, NULL, NULL, NULL, 1),
(146, 21, 3, '2170.00', NULL, NULL, NULL, NULL, NULL, NULL, NULL, NULL, 1),
(147, 22, 3, '2170.00', NULL, NULL, NULL, NULL, NULL, NULL, NULL, NULL, 1),
(148, 22, 3, '2170.00', NULL, NULL, NULL, NULL, NULL, NULL, NULL, NULL, 1),
(149, 22, 3, '2170.00', NULL, NULL, NULL, NULL, NULL, NULL, NULL, NULL, 1),
(150, 22, 3, '2170.00', NULL, NULL, NULL, NULL, NULL, NULL, NULL, NULL, 1),
(151, 23, 3, '1600.00', NULL, NULL, NULL, NULL, NULL, NULL, NULL, NULL, 1),
(152, 23, 3, '1600.00', NULL, NULL, NULL, NULL, NULL, NULL, NULL, NULL, 1),
(153, 24, 3, '1600.00', NULL, NULL, NULL, NULL, NULL, NULL, NULL, NULL, 1),
(154, 25, 3, '1600.00', NULL, NULL, NULL, NULL, NULL, NULL, NULL, NULL, 1),
(155, 25, 3, '1600.00', NULL, NULL, NULL, NULL, NULL, NULL, NULL, NULL, 1),
(156, 25, 3, '1600.00', NULL, NULL, NULL, NULL, NULL, NULL, NULL, NULL, 1),
(157, 26, 3, '1600.00', NULL, NULL, NULL, NULL, NULL, NULL, NULL, NULL, 1),
(158, 26, 3, '1600.00', NULL, NULL, NULL, NULL, NULL, NULL, NULL, NULL, 1),
(159, 1, 4, '1150.00', NULL, NULL, NULL, NULL, NULL, NULL, NULL, NULL, 1),
(160, 1, 4, '1150.00', NULL, NULL, NULL, NULL, NULL, NULL, NULL, NULL, 1),
(161, 5, 4, '1150.00', NULL, NULL, NULL, NULL, NULL, NULL, NULL, NULL, 1),
(162, 5, 4, '1150.00', NULL, NULL, NULL, NULL, NULL, NULL, NULL, NULL, 1),
(163, 6, 4, '1150.00', NULL, NULL, NULL, NULL, NULL, NULL, NULL, NULL, 1),
(164, 6, 4, '1150.00', NULL, NULL, NULL, NULL, NULL, NULL, NULL, NULL, 1),
(165, 7, 4, '1150.00', NULL, NULL, NULL, NULL, NULL, NULL, NULL, NULL, 1),
(166, 7, 4, '1150.00', NULL, NULL, NULL, NULL, NULL, NULL, NULL, NULL, 1),
(167, 8, 4, '1600.00', NULL, NULL, NULL, NULL, NULL, NULL, NULL, NULL, 1),
(168, 8, 4, '1600.00', NULL, NULL, NULL, NULL, NULL, NULL, NULL, NULL, 1),
(169, 9, 4, '1600.00', NULL, NULL, NULL, NULL, NULL, NULL, NULL, NULL, 1),
(170, 19, 4, '2150.00', NULL, NULL, NULL, NULL, NULL, NULL, NULL, NULL, 1),
(171, 19, 4, '2150.00', NULL, NULL, NULL, NULL, NULL, NULL, NULL, NULL, 1),
(172, 20, 4, '2150.00', NULL, NULL, NULL, NULL, NULL, NULL, NULL, NULL, 1),
(173, 20, 4, '2150.00', NULL, NULL, NULL, NULL, NULL, NULL, NULL, NULL, 1),
(174, 21, 4, '2150.00', NULL, NULL, NULL, NULL, NULL, NULL, NULL, NULL, 1),
(175, 21, 4, '2150.00', NULL, NULL, NULL, NULL, NULL, NULL, NULL, NULL, 1),
(176, 22, 4, '2150.00', NULL, NULL, NULL, NULL, NULL, NULL, NULL, NULL, 1),
(177, 22, 4, '2150.00', NULL, NULL, NULL, NULL, NULL, NULL, NULL, NULL, 1),
(178, 23, 4, '1600.00', NULL, NULL, NULL, NULL, NULL, NULL, NULL, NULL, 1),
(179, 23, 4, '1600.00', NULL, NULL, NULL, NULL, NULL, NULL, NULL, NULL, 1),
(180, 24, 4, '1600.00', NULL, NULL, NULL, NULL, NULL, NULL, NULL, NULL, 1),
(181, 24, 4, '1600.00', NULL, NULL, NULL, NULL, NULL, NULL, NULL, NULL, 1),
(182, 25, 4, '1600.00', NULL, NULL, NULL, NULL, NULL, NULL, NULL, NULL, 1),
(183, 25, 4, '1600.00', NULL, NULL, NULL, NULL, NULL, NULL, NULL, NULL, 1),
(184, 26, 4, '1600.00', NULL, NULL, NULL, NULL, NULL, NULL, NULL, NULL, 1),
(185, 6, 5, '1265.00', NULL, NULL, NULL, NULL, NULL, NULL, NULL, NULL, 1),
(186, 7, 5, '1265.00', NULL, NULL, NULL, NULL, NULL, NULL, NULL, NULL, 1),
(187, 8, 5, '1815.00', NULL, NULL, NULL, NULL, NULL, NULL, NULL, NULL, 1),
(188, 17, 5, '1650.00', NULL, NULL, NULL, NULL, NULL, NULL, NULL, NULL, 1),
(189, 20, 5, '2365.00', NULL, NULL, NULL, NULL, NULL, NULL, NULL, NULL, 1),
(190, 26, 5, '1760.00', NULL, NULL, NULL, NULL, NULL, NULL, NULL, NULL, 1),
(191, 1, 6, '1265.00', NULL, NULL, NULL, NULL, NULL, NULL, NULL, NULL, 1),
(192, 1, 6, '1265.00', NULL, NULL, NULL, NULL, NULL, NULL, NULL, NULL, 1),
(193, 1, 6, '1265.00', NULL, NULL, NULL, NULL, NULL, NULL, NULL, NULL, 1),
(194, 1, 6, '1265.00', NULL, NULL, NULL, NULL, NULL, NULL, NULL, NULL, 1),
(195, 1, 6, '1265.00', NULL, NULL, NULL, NULL, NULL, NULL, NULL, NULL, 1),
(196, 2, 6, '1265.00', NULL, NULL, NULL, NULL, NULL, NULL, NULL, NULL, 1),
(197, 2, 6, '1265.00', NULL, NULL, NULL, NULL, NULL, NULL, NULL, NULL, 1),
(198, 2, 6, '1265.00', NULL, NULL, NULL, NULL, NULL, NULL, NULL, NULL, 1),
(199, 2, 6, '1265.00', NULL, NULL, NULL, NULL, NULL, NULL, NULL, NULL, 1),
(200, 2, 6, '1265.00', NULL, NULL, NULL, NULL, NULL, NULL, NULL, NULL, 1),
(201, 5, 6, '1265.00', NULL, NULL, NULL, NULL, NULL, NULL, NULL, NULL, 1),
(202, 5, 6, '1265.00', NULL, NULL, NULL, NULL, NULL, NULL, NULL, NULL, 1),
(203, 5, 6, '1265.00', NULL, NULL, NULL, NULL, NULL, NULL, NULL, NULL, 1),
(204, 5, 6, '1265.00', NULL, NULL, NULL, NULL, NULL, NULL, NULL, NULL, 1),
(205, 5, 6, '1265.00', NULL, NULL, NULL, NULL, NULL, NULL, NULL, NULL, 1),
(206, 6, 6, '1265.00', NULL, NULL, NULL, NULL, NULL, NULL, NULL, NULL, 1),
(207, 6, 6, '1265.00', NULL, NULL, NULL, NULL, NULL, NULL, NULL, NULL, 1),
(208, 6, 6, '1265.00', NULL, NULL, NULL, NULL, NULL, NULL, NULL, NULL, 1),
(209, 6, 6, '1265.00', NULL, NULL, NULL, NULL, NULL, NULL, NULL, NULL, 1),
(210, 6, 6, '1265.00', NULL, NULL, NULL, NULL, NULL, NULL, NULL, NULL, 1),
(211, 7, 6, '1265.00', NULL, NULL, NULL, NULL, NULL, NULL, NULL, NULL, 1),
(212, 7, 6, '1265.00', NULL, NULL, NULL, NULL, NULL, NULL, NULL, NULL, 1),
(213, 7, 6, '1265.00', NULL, NULL, NULL, NULL, NULL, NULL, NULL, NULL, 1),
(214, 7, 6, '1265.00', NULL, NULL, NULL, NULL, NULL, NULL, NULL, NULL, 1),
(215, 7, 6, '1265.00', NULL, NULL, NULL, NULL, NULL, NULL, NULL, NULL, 1),
(216, 8, 6, '1815.00', NULL, NULL, NULL, NULL, NULL, NULL, NULL, NULL, 1),
(217, 8, 6, '1815.00', NULL, NULL, NULL, NULL, NULL, NULL, NULL, NULL, 1),
(218, 8, 6, '1815.00', NULL, NULL, NULL, NULL, NULL, NULL, NULL, NULL, 1),
(219, 9, 6, '1815.00', NULL, NULL, NULL, NULL, NULL, NULL, NULL, NULL, 1),
(220, 9, 6, '1815.00', NULL, NULL, NULL, NULL, NULL, NULL, NULL, NULL, 1),
(221, 9, 6, '1815.00', NULL, NULL, NULL, NULL, NULL, NULL, NULL, NULL, 1),
(222, 9, 6, '1815.00', NULL, NULL, NULL, NULL, NULL, NULL, NULL, NULL, 1),
(223, 17, 6, '1650.00', NULL, NULL, NULL, NULL, NULL, NULL, NULL, NULL, 1),
(224, 17, 6, '1650.00', NULL, NULL, NULL, NULL, NULL, NULL, NULL, NULL, 1),
(225, 17, 6, '1650.00', NULL, NULL, NULL, NULL, NULL, NULL, NULL, NULL, 1),
(226, 17, 6, '1650.00', NULL, NULL, NULL, NULL, NULL, NULL, NULL, NULL, 1),
(227, 18, 6, '1650.00', NULL, NULL, NULL, NULL, NULL, NULL, NULL, NULL, 1),
(228, 18, 6, '1650.00', NULL, NULL, NULL, NULL, NULL, NULL, NULL, NULL, 1),
(229, 18, 6, '1650.00', NULL, NULL, NULL, NULL, NULL, NULL, NULL, NULL, 1),
(230, 18, 6, '1650.00', NULL, NULL, NULL, NULL, NULL, NULL, NULL, NULL, 1),
(231, 19, 6, '2365.00', NULL, NULL, NULL, NULL, NULL, NULL, NULL, NULL, 1),
(232, 19, 6, '2365.00', NULL, NULL, NULL, NULL, NULL, NULL, NULL, NULL, 1),
(233, 19, 6, '2365.00', NULL, NULL, NULL, NULL, NULL, NULL, NULL, NULL, 1),
(234, 20, 6, '2365.00', NULL, NULL, NULL, NULL, NULL, NULL, NULL, NULL, 1),
(235, 20, 6, '2365.00', NULL, NULL, NULL, NULL, NULL, NULL, NULL, NULL, 1),
(236, 20, 6, '2365.00', NULL, NULL, NULL, NULL, NULL, NULL, NULL, NULL, 1),
(237, 21, 6, '2365.00', NULL, NULL, NULL, NULL, NULL, NULL, NULL, NULL, 1),
(238, 21, 6, '2365.00', NULL, NULL, NULL, NULL, NULL, NULL, NULL, NULL, 1),
(239, 21, 6, '2365.00', NULL, NULL, NULL, NULL, NULL, NULL, NULL, NULL, 1),
(240, 21, 6, '2365.00', NULL, NULL, NULL, NULL, NULL, NULL, NULL, NULL, 1),
(241, 21, 6, '2365.00', NULL, NULL, NULL, NULL, NULL, NULL, NULL, NULL, 1),
(242, 22, 6, '2365.00', NULL, NULL, NULL, NULL, NULL, NULL, NULL, NULL, 1),
(243, 22, 6, '2365.00', NULL, NULL, NULL, NULL, NULL, NULL, NULL, NULL, 1),
(244, 22, 6, '2365.00', NULL, NULL, NULL, NULL, NULL, NULL, NULL, NULL, 1),
(245, 23, 6, '1760.00', NULL, NULL, NULL, NULL, NULL, NULL, NULL, NULL, 1),
(246, 23, 6, '1760.00', NULL, NULL, NULL, NULL, NULL, NULL, NULL, NULL, 1),
(247, 25, 6, '1760.00', NULL, NULL, NULL, NULL, NULL, NULL, NULL, NULL, 1),
(248, 25, 6, '1760.00', NULL, NULL, NULL, NULL, NULL, NULL, NULL, NULL, 1),
(249, 25, 6, '1760.00', NULL, NULL, NULL, NULL, NULL, NULL, NULL, NULL, 1),
(250, 25, 6, '1760.00', NULL, NULL, NULL, NULL, NULL, NULL, NULL, NULL, 1),
(251, 25, 6, '1760.00', NULL, NULL, NULL, NULL, NULL, NULL, NULL, NULL, 1),
(252, 26, 6, '1760.00', NULL, NULL, NULL, NULL, NULL, NULL, NULL, NULL, 1),
(253, 26, 6, '1760.00', NULL, NULL, NULL, NULL, NULL, NULL, NULL, NULL, 1),
(254, 26, 6, '1760.00', NULL, NULL, NULL, NULL, NULL, NULL, NULL, NULL, 1),
(255, 26, 6, '1760.00', NULL, NULL, NULL, NULL, NULL, NULL, NULL, NULL, 1),
(256, 1, 7, '1265.00', NULL, NULL, NULL, NULL, NULL, NULL, NULL, NULL, 1),
(257, 1, 7, '1265.00', NULL, NULL, NULL, NULL, NULL, NULL, NULL, NULL, 1),
(258, 1, 7, '1265.00', NULL, NULL, NULL, NULL, NULL, NULL, NULL, NULL, 1),
(259, 1, 7, '1265.00', NULL, NULL, NULL, NULL, NULL, NULL, NULL, NULL, 1),
(260, 1, 7, '1265.00', NULL, NULL, NULL, NULL, NULL, NULL, NULL, NULL, 1),
(261, 1, 7, '1265.00', NULL, NULL, NULL, NULL, NULL, NULL, NULL, NULL, 1),
(262, 2, 7, '1265.00', NULL, NULL, NULL, NULL, NULL, NULL, NULL, NULL, 1),
(263, 2, 7, '1265.00', NULL, NULL, NULL, NULL, NULL, NULL, NULL, NULL, 1),
(264, 2, 7, '1265.00', NULL, NULL, NULL, NULL, NULL, NULL, NULL, NULL, 1),
(265, 2, 7, '1265.00', NULL, NULL, NULL, NULL, NULL, NULL, NULL, NULL, 1),
(266, 2, 7, '1265.00', NULL, NULL, NULL, NULL, NULL, NULL, NULL, NULL, 1),
(267, 2, 7, '1265.00', NULL, NULL, NULL, NULL, NULL, NULL, NULL, NULL, 1),
(268, 2, 7, '1265.00', NULL, NULL, NULL, NULL, NULL, NULL, NULL, NULL, 1),
(269, 2, 7, '1265.00', NULL, NULL, NULL, NULL, NULL, NULL, NULL, NULL, 1),
(270, 2, 7, '1265.00', NULL, NULL, NULL, NULL, NULL, NULL, NULL, NULL, 1),
(271, 2, 7, '1265.00', NULL, NULL, NULL, NULL, NULL, NULL, NULL, NULL, 1),
(272, 5, 7, '1265.00', NULL, NULL, NULL, NULL, NULL, NULL, NULL, NULL, 1),
(273, 5, 7, '1265.00', NULL, NULL, NULL, NULL, NULL, NULL, NULL, NULL, 1),
(274, 5, 7, '1265.00', NULL, NULL, NULL, NULL, NULL, NULL, NULL, NULL, 1),
(275, 5, 7, '1265.00', NULL, NULL, NULL, NULL, NULL, NULL, NULL, NULL, 1),
(276, 5, 7, '1265.00', NULL, NULL, NULL, NULL, NULL, NULL, NULL, NULL, 1),
(277, 5, 7, '1265.00', NULL, NULL, NULL, NULL, NULL, NULL, NULL, NULL, 1),
(278, 5, 7, '1265.00', NULL, NULL, NULL, NULL, NULL, NULL, NULL, NULL, 1),
(279, 5, 7, '1265.00', NULL, NULL, NULL, NULL, NULL, NULL, NULL, NULL, 1),
(280, 6, 7, '1265.00', NULL, NULL, NULL, NULL, NULL, NULL, NULL, NULL, 1),
(281, 6, 7, '1265.00', NULL, NULL, NULL, NULL, NULL, NULL, NULL, NULL, 1),
(282, 6, 7, '1265.00', NULL, NULL, NULL, NULL, NULL, NULL, NULL, NULL, 1),
(283, 6, 7, '1265.00', NULL, NULL, NULL, NULL, NULL, NULL, NULL, NULL, 1),
(284, 6, 7, '1265.00', NULL, NULL, NULL, NULL, NULL, NULL, NULL, NULL, 1),
(285, 6, 7, '1265.00', NULL, NULL, NULL, NULL, NULL, NULL, NULL, NULL, 1),
(286, 6, 7, '1265.00', NULL, NULL, NULL, NULL, NULL, NULL, NULL, NULL, 1),
(287, 6, 7, '1265.00', NULL, NULL, NULL, NULL, NULL, NULL, NULL, NULL, 1),
(288, 6, 7, '1265.00', NULL, NULL, NULL, NULL, NULL, NULL, NULL, NULL, 1),
(289, 6, 7, '1265.00', NULL, NULL, NULL, NULL, NULL, NULL, NULL, NULL, 1),
(290, 7, 7, '1265.00', NULL, NULL, NULL, NULL, NULL, NULL, NULL, NULL, 1),
(291, 7, 7, '1265.00', NULL, NULL, NULL, NULL, NULL, NULL, NULL, NULL, 1),
(292, 7, 7, '1265.00', NULL, NULL, NULL, NULL, NULL, NULL, NULL, NULL, 1),
(293, 7, 7, '1265.00', NULL, NULL, NULL, NULL, NULL, NULL, NULL, NULL, 1),
(294, 7, 7, '1265.00', NULL, NULL, NULL, NULL, NULL, NULL, NULL, NULL, 1),
(295, 7, 7, '1265.00', NULL, NULL, NULL, NULL, NULL, NULL, NULL, NULL, 1),
(296, 7, 7, '1265.00', NULL, NULL, NULL, NULL, NULL, NULL, NULL, NULL, 1),
(297, 7, 7, '1265.00', NULL, NULL, NULL, NULL, NULL, NULL, NULL, NULL, 1),
(298, 7, 7, '1265.00', NULL, NULL, NULL, NULL, NULL, NULL, NULL, NULL, 1),
(299, 8, 7, '1815.00', NULL, NULL, NULL, NULL, NULL, NULL, NULL, NULL, 1),
(300, 8, 7, '1815.00', NULL, NULL, NULL, NULL, NULL, NULL, NULL, NULL, 1),
(301, 8, 7, '1815.00', NULL, NULL, NULL, NULL, NULL, NULL, NULL, NULL, 1),
(302, 8, 7, '1815.00', NULL, NULL, NULL, NULL, NULL, NULL, NULL, NULL, 1),
(303, 9, 7, '1815.00', NULL, NULL, NULL, NULL, NULL, NULL, NULL, NULL, 1),
(304, 9, 7, '1815.00', NULL, NULL, NULL, NULL, NULL, NULL, NULL, NULL, 1),
(305, 17, 7, '1650.00', NULL, NULL, NULL, NULL, NULL, NULL, NULL, NULL, 1),
(306, 18, 7, '1650.00', NULL, NULL, NULL, NULL, NULL, NULL, NULL, NULL, 1),
(307, 18, 7, '1650.00', NULL, NULL, NULL, NULL, NULL, NULL, NULL, NULL, 1),
(308, 18, 7, '1650.00', NULL, NULL, NULL, NULL, NULL, NULL, NULL, NULL, 1),
(309, 18, 7, '1650.00', NULL, NULL, NULL, NULL, NULL, NULL, NULL, NULL, 1),
(310, 20, 7, '2365.00', NULL, NULL, NULL, NULL, NULL, NULL, NULL, NULL, 1),
(311, 22, 7, '2365.00', NULL, NULL, NULL, NULL, NULL, NULL, NULL, NULL, 1),
(312, 23, 7, '1760.00', NULL, NULL, NULL, NULL, NULL, NULL, NULL, NULL, 1),
(313, 23, 7, '1760.00', NULL, NULL, NULL, NULL, NULL, NULL, NULL, NULL, 1),
(314, 1, 8, '1265.00', NULL, NULL, NULL, NULL, NULL, NULL, NULL, NULL, 1),
(315, 1, 8, '1265.00', NULL, NULL, NULL, NULL, NULL, NULL, NULL, NULL, 1),
(316, 1, 8, '1265.00', NULL, NULL, NULL, NULL, NULL, NULL, NULL, NULL, 1),
(317, 1, 8, '1265.00', NULL, NULL, NULL, NULL, NULL, NULL, NULL, NULL, 1),
(318, 1, 8, '1265.00', NULL, NULL, NULL, NULL, NULL, NULL, NULL, NULL, 1),
(319, 1, 8, '1265.00', NULL, NULL, NULL, NULL, NULL, NULL, NULL, NULL, 1),
(320, 1, 8, '1265.00', NULL, NULL, NULL, NULL, NULL, NULL, NULL, NULL, 1),
(321, 1, 8, '1265.00', NULL, NULL, NULL, NULL, NULL, NULL, NULL, NULL, 1),
(322, 1, 8, '1265.00', NULL, NULL, NULL, NULL, NULL, NULL, NULL, NULL, 1),
(323, 1, 8, '1265.00', NULL, NULL, NULL, NULL, NULL, NULL, NULL, NULL, 1),
(324, 1, 8, '1265.00', NULL, NULL, NULL, NULL, NULL, NULL, NULL, NULL, 1),
(325, 1, 8, '1265.00', NULL, NULL, NULL, NULL, NULL, NULL, NULL, NULL, 1),
(326, 1, 8, '1265.00', NULL, NULL, NULL, NULL, NULL, NULL, NULL, NULL, 1),
(327, 1, 8, '1265.00', NULL, NULL, NULL, NULL, NULL, NULL, NULL, NULL, 1),
(328, 1, 8, '1265.00', NULL, NULL, NULL, NULL, NULL, NULL, NULL, NULL, 1),
(329, 1, 8, '1265.00', NULL, NULL, NULL, NULL, NULL, NULL, NULL, NULL, 1),
(330, 1, 8, '1265.00', NULL, NULL, NULL, NULL, NULL, NULL, NULL, NULL, 1),
(331, 1, 8, '1265.00', NULL, NULL, NULL, NULL, NULL, NULL, NULL, NULL, 1),
(332, 1, 8, '1265.00', NULL, NULL, NULL, NULL, NULL, NULL, NULL, NULL, 1),
(333, 1, 8, '1265.00', NULL, NULL, NULL, NULL, NULL, NULL, NULL, NULL, 1),
(334, 2, 8, '1265.00', NULL, NULL, NULL, NULL, NULL, NULL, NULL, NULL, 1),
(335, 2, 8, '1265.00', NULL, NULL, NULL, NULL, NULL, NULL, NULL, NULL, 1),
(336, 2, 8, '1265.00', NULL, NULL, NULL, NULL, NULL, NULL, NULL, NULL, 1),
(337, 2, 8, '1265.00', NULL, NULL, NULL, NULL, NULL, NULL, NULL, NULL, 1),
(338, 2, 8, '1265.00', NULL, NULL, NULL, NULL, NULL, NULL, NULL, NULL, 1),
(339, 2, 8, '1265.00', NULL, NULL, NULL, NULL, NULL, NULL, NULL, NULL, 1),
(340, 2, 8, '1265.00', NULL, NULL, NULL, NULL, NULL, NULL, NULL, NULL, 1),
(341, 2, 8, '1265.00', NULL, NULL, NULL, NULL, NULL, NULL, NULL, NULL, 1),
(342, 2, 8, '1265.00', NULL, NULL, NULL, NULL, NULL, NULL, NULL, NULL, 1),
(343, 2, 8, '1265.00', NULL, NULL, NULL, NULL, NULL, NULL, NULL, NULL, 1),
(344, 2, 8, '1265.00', NULL, NULL, NULL, NULL, NULL, NULL, NULL, NULL, 1),
(345, 2, 8, '1265.00', NULL, NULL, NULL, NULL, NULL, NULL, NULL, NULL, 1),
(346, 2, 8, '1265.00', NULL, NULL, NULL, NULL, NULL, NULL, NULL, NULL, 1),
(347, 2, 8, '1265.00', NULL, NULL, NULL, NULL, NULL, NULL, NULL, NULL, 1),
(348, 2, 8, '1265.00', NULL, NULL, NULL, NULL, NULL, NULL, NULL, NULL, 1),
(349, 2, 8, '1265.00', NULL, NULL, NULL, NULL, NULL, NULL, NULL, NULL, 1),
(350, 2, 8, '1265.00', NULL, NULL, NULL, NULL, NULL, NULL, NULL, NULL, 1),
(351, 2, 8, '1265.00', NULL, NULL, NULL, NULL, NULL, NULL, NULL, NULL, 1),
(352, 2, 8, '1265.00', NULL, NULL, NULL, NULL, NULL, NULL, NULL, NULL, 1),
(353, 2, 8, '1265.00', NULL, NULL, NULL, NULL, NULL, NULL, NULL, NULL, 1),
(354, 6, 8, '1265.00', NULL, NULL, NULL, NULL, NULL, NULL, NULL, NULL, 1),
(355, 6, 8, '1265.00', NULL, NULL, NULL, NULL, NULL, NULL, NULL, NULL, 1),
(356, 6, 8, '1265.00', NULL, NULL, NULL, NULL, NULL, NULL, NULL, NULL, 1),
(357, 6, 8, '1265.00', NULL, NULL, NULL, NULL, NULL, NULL, NULL, NULL, 1),
(358, 6, 8, '1265.00', NULL, NULL, NULL, NULL, NULL, NULL, NULL, NULL, 1),
(359, 6, 8, '1265.00', NULL, NULL, NULL, NULL, NULL, NULL, NULL, NULL, 1),
(360, 6, 8, '1265.00', NULL, NULL, NULL, NULL, NULL, NULL, NULL, NULL, 1),
(361, 6, 8, '1265.00', NULL, NULL, NULL, NULL, NULL, NULL, NULL, NULL, 1),
(362, 6, 8, '1265.00', NULL, NULL, NULL, NULL, NULL, NULL, NULL, NULL, 1),
(363, 6, 8, '1265.00', NULL, NULL, NULL, NULL, NULL, NULL, NULL, NULL, 1),
(364, 7, 8, '1265.00', NULL, NULL, NULL, NULL, NULL, NULL, NULL, NULL, 1),
(365, 7, 8, '1265.00', NULL, NULL, NULL, NULL, NULL, NULL, NULL, NULL, 1),
(366, 7, 8, '1265.00', NULL, NULL, NULL, NULL, NULL, NULL, NULL, NULL, 1),
(367, 7, 8, '1265.00', NULL, NULL, NULL, NULL, NULL, NULL, NULL, NULL, 1),
(368, 7, 8, '1265.00', NULL, NULL, NULL, NULL, NULL, NULL, NULL, NULL, 1),
(369, 7, 8, '1265.00', NULL, NULL, NULL, NULL, NULL, NULL, NULL, NULL, 1),
(370, 8, 8, '1815.00', NULL, NULL, NULL, NULL, NULL, NULL, NULL, NULL, 1),
(371, 8, 8, '1815.00', NULL, NULL, NULL, NULL, NULL, NULL, NULL, NULL, 1),
(372, 8, 8, '1815.00', NULL, NULL, NULL, NULL, NULL, NULL, NULL, NULL, 1),
(373, 8, 8, '1815.00', NULL, NULL, NULL, NULL, NULL, NULL, NULL, NULL, 1),
(374, 8, 8, '1815.00', NULL, NULL, NULL, NULL, NULL, NULL, NULL, NULL, 1),
(375, 8, 8, '1815.00', NULL, NULL, NULL, NULL, NULL, NULL, NULL, NULL, 1),
(376, 8, 8, '1815.00', NULL, NULL, NULL, NULL, NULL, NULL, NULL, NULL, 1),
(377, 8, 8, '1815.00', NULL, NULL, NULL, NULL, NULL, NULL, NULL, NULL, 1),
(378, 8, 8, '1815.00', NULL, NULL, NULL, NULL, NULL, NULL, NULL, NULL, 1),
(379, 8, 8, '1815.00', NULL, NULL, NULL, NULL, NULL, NULL, NULL, NULL, 1),
(380, 9, 8, '1815.00', NULL, NULL, NULL, NULL, NULL, NULL, NULL, NULL, 1),
(381, 9, 8, '1815.00', NULL, NULL, NULL, NULL, NULL, NULL, NULL, NULL, 1),
(382, 9, 8, '1815.00', NULL, NULL, NULL, NULL, NULL, NULL, NULL, NULL, 1),
(383, 9, 8, '1815.00', NULL, NULL, NULL, NULL, NULL, NULL, NULL, NULL, 1),
(384, 9, 8, '1815.00', NULL, NULL, NULL, NULL, NULL, NULL, NULL, NULL, 1),
(385, 9, 8, '1815.00', NULL, NULL, NULL, NULL, NULL, NULL, NULL, NULL, 1),
(386, 9, 8, '1815.00', NULL, NULL, NULL, NULL, NULL, NULL, NULL, NULL, 1),
(387, 9, 8, '1815.00', NULL, NULL, NULL, NULL, NULL, NULL, NULL, NULL, 1),
(388, 9, 8, '1815.00', NULL, NULL, NULL, NULL, NULL, NULL, NULL, NULL, 1),
(389, 9, 8, '1815.00', NULL, NULL, NULL, NULL, NULL, NULL, NULL, NULL, 1),
(390, 17, 8, '1650.00', NULL, NULL, NULL, NULL, NULL, NULL, NULL, NULL, 1),
(391, 17, 8, '1650.00', NULL, NULL, NULL, NULL, NULL, NULL, NULL, NULL, 1),
(392, 17, 8, '1650.00', NULL, NULL, NULL, NULL, NULL, NULL, NULL, NULL, 1),
(393, 17, 8, '1650.00', NULL, NULL, NULL, NULL, NULL, NULL, NULL, NULL, 1),
(394, 17, 8, '1650.00', NULL, NULL, NULL, NULL, NULL, NULL, NULL, NULL, 1),
(395, 17, 8, '1650.00', NULL, NULL, NULL, NULL, NULL, NULL, NULL, NULL, 1),
(396, 18, 8, '1650.00', NULL, NULL, NULL, NULL, NULL, NULL, NULL, NULL, 1),
(397, 18, 8, '1650.00', NULL, NULL, NULL, NULL, NULL, NULL, NULL, NULL, 1),
(398, 18, 8, '1650.00', NULL, NULL, NULL, NULL, NULL, NULL, NULL, NULL, 1),
(399, 18, 8, '1650.00', NULL, NULL, NULL, NULL, NULL, NULL, NULL, NULL, 1),
(400, 18, 8, '1650.00', NULL, NULL, NULL, NULL, NULL, NULL, NULL, NULL, 1),
(401, 18, 8, '1650.00', NULL, NULL, NULL, NULL, NULL, NULL, NULL, NULL, 1),
(402, 5, 9, '1265.00', NULL, NULL, NULL, NULL, NULL, NULL, NULL, NULL, 1),
(403, 5, 9, '1265.00', NULL, NULL, NULL, NULL, NULL, NULL, NULL, NULL, 1),
(404, 5, 9, '1265.00', NULL, NULL, NULL, NULL, NULL, NULL, NULL, NULL, 1),
(405, 5, 9, '1265.00', NULL, NULL, NULL, NULL, NULL, NULL, NULL, NULL, 1),
(406, 5, 9, '1265.00', NULL, NULL, NULL, NULL, NULL, NULL, NULL, NULL, 1),
(407, 5, 9, '1265.00', NULL, NULL, NULL, NULL, NULL, NULL, NULL, NULL, 1),
(408, 5, 9, '1265.00', NULL, NULL, NULL, NULL, NULL, NULL, NULL, NULL, 1),
(409, 5, 9, '1265.00', NULL, NULL, NULL, NULL, NULL, NULL, NULL, NULL, 1),
(410, 5, 9, '1265.00', NULL, NULL, NULL, NULL, NULL, NULL, NULL, NULL, 1),
(411, 5, 9, '1265.00', NULL, NULL, NULL, NULL, NULL, NULL, NULL, NULL, 1),
(412, 1, 10, '1265.00', NULL, NULL, NULL, NULL, NULL, NULL, NULL, NULL, 1),
(413, 1, 10, '1265.00', NULL, NULL, NULL, NULL, NULL, NULL, NULL, NULL, 1),
(414, 1, 10, '1265.00', NULL, NULL, NULL, NULL, NULL, NULL, NULL, NULL, 1),
(415, 1, 10, '1265.00', NULL, NULL, NULL, NULL, NULL, NULL, NULL, NULL, 1),
(416, 1, 10, '1265.00', NULL, NULL, NULL, NULL, NULL, NULL, NULL, NULL, 1),
(417, 1, 10, '1265.00', NULL, NULL, NULL, NULL, NULL, NULL, NULL, NULL, 1),
(418, 1, 10, '1265.00', NULL, NULL, NULL, NULL, NULL, NULL, NULL, NULL, 1),
(419, 1, 10, '1265.00', NULL, NULL, NULL, NULL, NULL, NULL, NULL, NULL, 1),
(420, 1, 10, '1265.00', NULL, NULL, NULL, NULL, NULL, NULL, NULL, NULL, 1),
(421, 2, 10, '1265.00', NULL, NULL, NULL, NULL, NULL, NULL, NULL, NULL, 1),
(422, 2, 10, '1265.00', NULL, NULL, NULL, NULL, NULL, NULL, NULL, NULL, 1),
(423, 2, 10, '1265.00', NULL, NULL, NULL, NULL, NULL, NULL, NULL, NULL, 1),
(424, 2, 10, '1265.00', NULL, NULL, NULL, NULL, NULL, NULL, NULL, NULL, 1),
(425, 2, 10, '1265.00', NULL, NULL, NULL, NULL, NULL, NULL, NULL, NULL, 1),
(426, 2, 10, '1265.00', NULL, NULL, NULL, NULL, NULL, NULL, NULL, NULL, 1),
(427, 2, 10, '1265.00', NULL, NULL, NULL, NULL, NULL, NULL, NULL, NULL, 1),
(428, 2, 10, '1265.00', NULL, NULL, NULL, NULL, NULL, NULL, NULL, NULL, 1),
(429, 2, 10, '1265.00', NULL, NULL, NULL, NULL, NULL, NULL, NULL, NULL, 1),
(430, 2, 10, '1265.00', NULL, NULL, NULL, NULL, NULL, NULL, NULL, NULL, 1),
(431, 2, 10, '1265.00', NULL, NULL, NULL, NULL, NULL, NULL, NULL, NULL, 1),
(432, 2, 10, '1265.00', NULL, NULL, NULL, NULL, NULL, NULL, NULL, NULL, 1),
(433, 2, 10, '1265.00', NULL, NULL, NULL, NULL, NULL, NULL, NULL, NULL, 1),
(434, 2, 10, '1265.00', NULL, NULL, NULL, NULL, NULL, NULL, NULL, NULL, 1),
(435, 2, 10, '1265.00', NULL, NULL, NULL, NULL, NULL, NULL, NULL, NULL, 1),
(436, 5, 10, '1265.00', NULL, NULL, NULL, NULL, NULL, NULL, NULL, NULL, 1),
(437, 5, 10, '1265.00', NULL, NULL, NULL, NULL, NULL, NULL, NULL, NULL, 1),
(438, 5, 10, '1265.00', NULL, NULL, NULL, NULL, NULL, NULL, NULL, NULL, 1),
(439, 5, 10, '1265.00', NULL, NULL, NULL, NULL, NULL, NULL, NULL, NULL, 1),
(440, 5, 10, '1265.00', NULL, NULL, NULL, NULL, NULL, NULL, NULL, NULL, 1),
(441, 5, 10, '1265.00', NULL, NULL, NULL, NULL, NULL, NULL, NULL, NULL, 1),
(442, 5, 10, '1265.00', 2, 9, 1265.00, NULL, '2013-12-27 12:42:40', '1265.00', 7, NULL, 1),
(443, 5, 10, '1265.00', 2, 9, 1265.00, NULL, '2013-12-27 12:42:36', '1265.00', 7, NULL, 1),
(444, 5, 10, '1265.00', 2, 6, 1265.00, NULL, '2013-12-27 12:41:53', '1265.00', 7, NULL, 1),
(445, 5, 10, '1265.00', NULL, NULL, NULL, 1, '2013-12-26 14:17:34', '0.00', NULL, NULL, 1),
(446, 7, 10, '1265.00', NULL, NULL, NULL, NULL, NULL, NULL, NULL, NULL, 1),
(447, 7, 10, '1265.00', NULL, NULL, NULL, NULL, NULL, NULL, NULL, NULL, 1),
(448, 7, 10, '1265.00', NULL, NULL, NULL, NULL, NULL, NULL, NULL, NULL, 1),
(449, 7, 10, '1265.00', NULL, NULL, NULL, NULL, NULL, NULL, NULL, NULL, 1),
(450, 7, 10, '1265.00', NULL, NULL, NULL, NULL, NULL, NULL, NULL, NULL, 1),
(451, 8, 10, '1815.00', NULL, NULL, NULL, NULL, NULL, NULL, NULL, NULL, 1),
(452, 8, 10, '1815.00', NULL, NULL, NULL, NULL, NULL, NULL, NULL, NULL, 1),
(453, 8, 10, '1815.00', NULL, NULL, NULL, NULL, NULL, NULL, NULL, NULL, 1),
(454, 8, 10, '1815.00', NULL, NULL, NULL, NULL, NULL, NULL, NULL, NULL, 1),
(455, 8, 10, '1815.00', NULL, NULL, NULL, NULL, NULL, NULL, NULL, NULL, 1),
(456, 9, 10, '1815.00', NULL, NULL, NULL, NULL, NULL, NULL, NULL, NULL, 1),
(457, 9, 10, '1815.00', NULL, NULL, NULL, NULL, NULL, NULL, NULL, NULL, 1),
(458, 9, 10, '1815.00', NULL, NULL, NULL, NULL, NULL, NULL, NULL, NULL, 1),
(459, 9, 10, '1815.00', NULL, NULL, NULL, NULL, NULL, NULL, NULL, NULL, 1),
(460, 9, 10, '1815.00', NULL, NULL, NULL, NULL, NULL, NULL, NULL, NULL, 1),
(461, 17, 10, '1650.00', NULL, NULL, NULL, NULL, NULL, NULL, NULL, NULL, 1),
(462, 17, 10, '1650.00', NULL, NULL, NULL, NULL, NULL, NULL, NULL, NULL, 1),
(463, 20, 10, '2365.00', NULL, NULL, NULL, NULL, NULL, NULL, NULL, NULL, 1),
(464, 20, 10, '2365.00', NULL, NULL, NULL, NULL, NULL, NULL, NULL, NULL, 1),
(465, 20, 10, '2365.00', NULL, NULL, NULL, NULL, NULL, NULL, NULL, NULL, 1),
(466, 20, 10, '2365.00', NULL, NULL, NULL, NULL, NULL, NULL, NULL, NULL, 1),
(467, 20, 10, '2365.00', NULL, NULL, NULL, NULL, NULL, NULL, NULL, NULL, 1),
(468, 20, 10, '2365.00', NULL, NULL, NULL, NULL, NULL, NULL, NULL, NULL, 1),
(469, 20, 10, '2365.00', NULL, NULL, NULL, NULL, NULL, NULL, NULL, NULL, 1),
(470, 21, 10, '2365.00', NULL, NULL, NULL, NULL, NULL, NULL, NULL, NULL, 1),
(471, 21, 10, '2365.00', NULL, NULL, NULL, NULL, NULL, NULL, NULL, NULL, 1),
(472, 21, 10, '2365.00', NULL, NULL, NULL, NULL, NULL, NULL, NULL, NULL, 1),
(473, 22, 10, '2365.00', NULL, NULL, NULL, NULL, NULL, NULL, NULL, NULL, 1),
(474, 22, 10, '2365.00', NULL, NULL, NULL, NULL, NULL, NULL, NULL, NULL, 1),
(475, 2, 11, '1265.00', NULL, NULL, NULL, NULL, NULL, NULL, NULL, NULL, 1),
(476, 2, 11, '1265.00', NULL, NULL, NULL, NULL, NULL, NULL, NULL, NULL, 1),
(477, 2, 11, '1265.00', NULL, NULL, NULL, NULL, NULL, NULL, NULL, NULL, 1),
(478, 2, 11, '1265.00', NULL, NULL, NULL, NULL, NULL, NULL, NULL, NULL, 1),
(479, 2, 11, '1265.00', NULL, NULL, NULL, NULL, NULL, NULL, NULL, NULL, 1),
(480, 2, 11, '1265.00', NULL, NULL, NULL, NULL, NULL, NULL, NULL, NULL, 1),
(481, 2, 11, '1265.00', NULL, NULL, NULL, NULL, NULL, NULL, NULL, NULL, 1),
(482, 2, 11, '1265.00', NULL, NULL, NULL, NULL, NULL, NULL, NULL, NULL, 1),
(483, 2, 11, '1265.00', NULL, NULL, NULL, NULL, NULL, NULL, NULL, NULL, 1),
(484, 2, 11, '1265.00', NULL, NULL, NULL, NULL, NULL, NULL, NULL, NULL, 1),
(485, 2, 11, '1265.00', NULL, NULL, NULL, NULL, NULL, NULL, NULL, NULL, 1),
(486, 2, 11, '1265.00', NULL, NULL, NULL, NULL, NULL, NULL, NULL, NULL, 1),
(487, 2, 11, '1265.00', NULL, NULL, NULL, NULL, NULL, NULL, NULL, NULL, 1),
(488, 2, 11, '1265.00', NULL, NULL, NULL, NULL, NULL, NULL, NULL, NULL, 1),
(489, 2, 11, '1265.00', NULL, NULL, NULL, NULL, NULL, NULL, NULL, NULL, 1),
(490, 6, 11, '1265.00', NULL, NULL, NULL, NULL, NULL, NULL, NULL, NULL, 1),
(491, 6, 11, '1265.00', NULL, NULL, NULL, NULL, NULL, NULL, NULL, NULL, 1),
(492, 6, 11, '1265.00', NULL, NULL, NULL, NULL, NULL, NULL, NULL, NULL, 1),
(493, 6, 11, '1265.00', NULL, NULL, NULL, NULL, NULL, NULL, NULL, NULL, 1),
(494, 6, 11, '1265.00', NULL, NULL, NULL, NULL, NULL, NULL, NULL, NULL, 1),
(495, 6, 11, '1265.00', NULL, NULL, NULL, NULL, NULL, NULL, NULL, NULL, 1),
(496, 6, 11, '1265.00', NULL, NULL, NULL, NULL, NULL, NULL, NULL, NULL, 1),
(497, 6, 11, '1265.00', NULL, NULL, NULL, NULL, NULL, NULL, NULL, NULL, 1),
(498, 6, 11, '1265.00', NULL, NULL, NULL, NULL, NULL, NULL, NULL, NULL, 1),
(499, 6, 11, '1265.00', NULL, NULL, NULL, NULL, NULL, NULL, NULL, NULL, 1),
(500, 7, 11, '1265.00', NULL, NULL, NULL, NULL, NULL, NULL, NULL, NULL, 1),
(501, 7, 11, '1265.00', NULL, NULL, NULL, NULL, NULL, NULL, NULL, NULL, 1),
(502, 8, 11, '1815.00', NULL, NULL, NULL, NULL, NULL, NULL, NULL, NULL, 1),
(503, 8, 11, '1815.00', NULL, NULL, NULL, NULL, NULL, NULL, NULL, NULL, 1),
(504, 8, 11, '1815.00', NULL, NULL, NULL, NULL, NULL, NULL, NULL, NULL, 1),
(505, 8, 11, '1815.00', NULL, NULL, NULL, NULL, NULL, NULL, NULL, NULL, 1),
(506, 8, 11, '1815.00', NULL, NULL, NULL, NULL, NULL, NULL, NULL, NULL, 1),
(507, 8, 11, '1815.00', NULL, NULL, NULL, NULL, NULL, NULL, NULL, NULL, 1),
(508, 8, 11, '1815.00', NULL, NULL, NULL, NULL, NULL, NULL, NULL, NULL, 1),
(509, 9, 11, '1815.00', NULL, NULL, NULL, NULL, NULL, NULL, NULL, NULL, 1),
(510, 9, 11, '1815.00', NULL, NULL, NULL, NULL, NULL, NULL, NULL, NULL, 1),
(511, 9, 11, '1815.00', NULL, NULL, NULL, NULL, NULL, NULL, NULL, NULL, 1),
(512, 9, 11, '1815.00', NULL, NULL, NULL, NULL, NULL, NULL, NULL, NULL, 1),
(513, 9, 11, '1815.00', NULL, NULL, NULL, NULL, NULL, NULL, NULL, NULL, 1),
(514, 9, 11, '1815.00', NULL, NULL, NULL, NULL, NULL, NULL, NULL, NULL, 1),
(515, 9, 11, '1815.00', NULL, NULL, NULL, NULL, NULL, NULL, NULL, NULL, 1),
(516, 17, 11, '1650.00', NULL, NULL, NULL, NULL, NULL, NULL, NULL, NULL, 1),
(517, 17, 11, '1650.00', NULL, NULL, NULL, NULL, NULL, NULL, NULL, NULL, 1),
(518, 17, 11, '1650.00', NULL, NULL, NULL, NULL, NULL, NULL, NULL, NULL, 1),
(519, 18, 11, '1650.00', NULL, NULL, NULL, NULL, NULL, NULL, NULL, NULL, 1),
(520, 18, 11, '1650.00', NULL, NULL, NULL, NULL, NULL, NULL, NULL, NULL, 1),
(521, 18, 11, '1650.00', NULL, NULL, NULL, NULL, NULL, NULL, NULL, NULL, 1),
(522, 18, 11, '1650.00', 2, 8, 1650.00, NULL, NULL, NULL, NULL, NULL, 1),
(523, 19, 11, '2365.00', NULL, NULL, NULL, NULL, NULL, NULL, NULL, NULL, 1),
(524, 19, 11, '2365.00', NULL, NULL, NULL, NULL, NULL, NULL, NULL, NULL, 1),
(525, 20, 11, '2365.00', NULL, NULL, NULL, NULL, NULL, NULL, NULL, NULL, 1),
(526, 20, 11, '2365.00', NULL, NULL, NULL, NULL, NULL, NULL, NULL, NULL, 1),
(527, 20, 11, '2365.00', NULL, NULL, NULL, NULL, NULL, NULL, NULL, NULL, 1),
(528, 20, 11, '2365.00', NULL, NULL, NULL, NULL, NULL, NULL, NULL, NULL, 1),
(529, 20, 11, '2365.00', NULL, NULL, NULL, NULL, NULL, NULL, NULL, NULL, 1),
(530, 21, 11, '2365.00', NULL, NULL, NULL, NULL, NULL, NULL, NULL, NULL, 1),
(531, 21, 11, '2365.00', NULL, NULL, NULL, NULL, NULL, NULL, NULL, NULL, 1),
(532, 21, 11, '2365.00', 2, 5, 2365.00, NULL, '2013-12-27 12:18:02', '2365.00', 6, NULL, 1),
(533, 23, 11, '1760.00', NULL, NULL, NULL, NULL, NULL, NULL, NULL, NULL, 1),
(534, 23, 11, '1760.00', NULL, NULL, NULL, NULL, NULL, NULL, NULL, NULL, 1),
(535, 24, 11, '1760.00', NULL, NULL, NULL, NULL, NULL, NULL, NULL, NULL, 1),
(536, 25, 11, '1760.00', NULL, NULL, NULL, NULL, NULL, NULL, NULL, NULL, 1),
(537, 25, 11, '1760.00', 2, 5, 1760.00, NULL, '2013-12-27 11:50:57', '1760.00', 4, NULL, 1),
(538, 26, 11, '1760.00', NULL, NULL, NULL, NULL, NULL, NULL, NULL, NULL, 1),
(539, 26, 11, '1760.00', NULL, NULL, NULL, NULL, NULL, NULL, NULL, NULL, 1),
(540, 10, 12, '990.00', NULL, NULL, NULL, NULL, NULL, NULL, NULL, NULL, 1),
(541, 10, 12, '990.00', NULL, NULL, NULL, NULL, NULL, NULL, NULL, NULL, 1),
(542, 10, 12, '990.00', NULL, NULL, NULL, NULL, NULL, NULL, NULL, NULL, 1),
(543, 10, 12, '990.00', NULL, NULL, NULL, NULL, NULL, NULL, NULL, NULL, 1),
(544, 10, 12, '990.00', NULL, NULL, NULL, NULL, NULL, NULL, NULL, NULL, 1),
(545, 10, 12, '990.00', NULL, NULL, NULL, NULL, NULL, NULL, NULL, NULL, 1),
(546, 10, 12, '990.00', NULL, NULL, NULL, NULL, NULL, NULL, NULL, NULL, 1),
(547, 10, 12, '990.00', NULL, NULL, NULL, NULL, NULL, NULL, NULL, NULL, 1),
(548, 10, 12, '990.00', NULL, NULL, NULL, NULL, NULL, NULL, NULL, NULL, 1),
(549, 10, 12, '990.00', 2, 12, 990.00, NULL, NULL, NULL, NULL, NULL, 1),
(550, 11, 12, '990.00', NULL, NULL, NULL, NULL, NULL, NULL, NULL, NULL, 1),
(551, 11, 12, '990.00', NULL, NULL, NULL, NULL, NULL, NULL, NULL, NULL, 1),
(552, 11, 12, '990.00', NULL, NULL, NULL, NULL, NULL, NULL, NULL, NULL, 1),
(553, 11, 12, '990.00', NULL, NULL, NULL, NULL, NULL, NULL, NULL, NULL, 1),
(554, 11, 12, '990.00', NULL, NULL, NULL, NULL, NULL, NULL, NULL, NULL, 1),
(555, 11, 12, '990.00', NULL, NULL, NULL, NULL, NULL, NULL, NULL, NULL, 1),
(556, 11, 12, '990.00', NULL, NULL, NULL, NULL, NULL, NULL, NULL, NULL, 1),
(557, 11, 12, '990.00', NULL, NULL, NULL, NULL, NULL, NULL, NULL, NULL, 1),
(558, 11, 12, '990.00', NULL, NULL, NULL, NULL, NULL, NULL, NULL, NULL, 1),
(559, 11, 12, '990.00', 2, 12, 990.00, NULL, NULL, NULL, NULL, NULL, 1),
(560, 1, 13, '1265.00', NULL, NULL, NULL, NULL, NULL, NULL, NULL, NULL, 1),
(561, 2, 13, '1265.00', NULL, NULL, NULL, NULL, NULL, NULL, NULL, NULL, 1),
(562, 2, 13, '1265.00', NULL, NULL, NULL, NULL, NULL, NULL, NULL, NULL, 1),
(563, 2, 13, '1265.00', NULL, NULL, NULL, NULL, NULL, NULL, NULL, NULL, 1),
(564, 2, 13, '1265.00', NULL, NULL, NULL, NULL, NULL, NULL, NULL, NULL, 1),
(565, 2, 13, '1265.00', NULL, NULL, NULL, NULL, NULL, NULL, NULL, NULL, 1),
(566, 2, 13, '1265.00', NULL, NULL, NULL, NULL, NULL, NULL, NULL, NULL, 1),
(567, 2, 13, '1265.00', NULL, NULL, NULL, NULL, NULL, NULL, NULL, NULL, 1),
(568, 2, 13, '1265.00', NULL, NULL, NULL, NULL, NULL, NULL, NULL, NULL, 1),
(569, 2, 13, '1265.00', NULL, NULL, NULL, NULL, NULL, NULL, NULL, NULL, 1),
(570, 6, 13, '1265.00', NULL, NULL, NULL, NULL, NULL, NULL, NULL, NULL, 1),
(571, 6, 13, '1265.00', NULL, NULL, NULL, NULL, NULL, NULL, NULL, NULL, 1),
(572, 6, 13, '1265.00', NULL, NULL, NULL, NULL, NULL, NULL, NULL, NULL, 1),
(573, 6, 13, '1265.00', NULL, NULL, NULL, NULL, NULL, NULL, NULL, NULL, 1),
(574, 6, 13, '1265.00', NULL, NULL, NULL, NULL, NULL, NULL, NULL, NULL, 1),
(575, 7, 13, '1265.00', NULL, NULL, NULL, NULL, NULL, NULL, NULL, NULL, 1),
(576, 7, 13, '1265.00', NULL, NULL, NULL, NULL, NULL, NULL, NULL, NULL, 1),
(577, 8, 13, '1815.00', NULL, NULL, NULL, NULL, NULL, NULL, NULL, NULL, 1),
(578, 8, 13, '1815.00', NULL, NULL, NULL, NULL, NULL, NULL, NULL, NULL, 1),
(579, 8, 13, '1815.00', NULL, NULL, NULL, NULL, NULL, NULL, NULL, NULL, 1),
(580, 8, 13, '1815.00', NULL, NULL, NULL, NULL, NULL, NULL, NULL, NULL, 1),
(581, 8, 13, '1815.00', NULL, NULL, NULL, NULL, NULL, NULL, NULL, NULL, 1),
(582, 8, 13, '1815.00', NULL, NULL, NULL, NULL, NULL, NULL, NULL, NULL, 1),
(583, 12, 14, '200.00', NULL, NULL, NULL, NULL, NULL, NULL, NULL, NULL, 1),
(584, 12, 14, '200.00', NULL, NULL, NULL, NULL, NULL, NULL, NULL, NULL, 1),
(585, 12, 14, '200.00', NULL, NULL, NULL, NULL, NULL, NULL, NULL, NULL, 1),
(586, 12, 14, '200.00', NULL, NULL, NULL, NULL, NULL, NULL, NULL, NULL, 1),
(587, 12, 14, '200.00', NULL, NULL, NULL, NULL, NULL, NULL, NULL, NULL, 1),
(588, 12, 14, '200.00', NULL, NULL, NULL, NULL, NULL, NULL, NULL, NULL, 1),
(589, 12, 14, '200.00', NULL, NULL, NULL, NULL, NULL, NULL, NULL, NULL, 1),
(590, 12, 14, '200.00', NULL, NULL, NULL, NULL, NULL, NULL, NULL, NULL, 1),
(591, 12, 14, '200.00', NULL, NULL, NULL, NULL, NULL, NULL, NULL, NULL, 1),
(592, 12, 14, '200.00', NULL, NULL, NULL, NULL, NULL, NULL, NULL, NULL, 1),
(593, 12, 14, '200.00', NULL, NULL, NULL, NULL, NULL, NULL, NULL, NULL, 1),
(594, 12, 14, '200.00', NULL, NULL, NULL, NULL, NULL, NULL, NULL, NULL, 1),
(595, 12, 14, '200.00', NULL, NULL, NULL, NULL, NULL, NULL, NULL, NULL, 1),
(596, 12, 14, '200.00', NULL, NULL, NULL, NULL, NULL, NULL, NULL, NULL, 1),
(597, 12, 14, '200.00', NULL, NULL, NULL, NULL, NULL, NULL, NULL, NULL, 1),
(598, 12, 14, '200.00', NULL, NULL, NULL, NULL, NULL, NULL, NULL, NULL, 1),
(599, 12, 14, '200.00', NULL, NULL, NULL, NULL, NULL, NULL, NULL, NULL, 1),
(600, 12, 14, '200.00', NULL, NULL, NULL, NULL, NULL, NULL, NULL, NULL, 1),
(601, 12, 14, '200.00', NULL, NULL, NULL, NULL, NULL, NULL, NULL, NULL, 1),
(602, 12, 14, '200.00', NULL, NULL, NULL, NULL, NULL, NULL, NULL, NULL, 1),
(603, 12, 14, '200.00', NULL, NULL, NULL, NULL, NULL, NULL, NULL, NULL, 1),
(604, 12, 14, '200.00', NULL, NULL, NULL, NULL, NULL, NULL, NULL, NULL, 1),
(605, 12, 14, '200.00', NULL, NULL, NULL, NULL, NULL, NULL, NULL, NULL, 1),
(606, 12, 14, '200.00', NULL, NULL, NULL, NULL, NULL, NULL, NULL, NULL, 1),
(607, 12, 14, '200.00', NULL, NULL, NULL, NULL, NULL, NULL, NULL, NULL, 1),
(608, 12, 14, '200.00', NULL, NULL, NULL, NULL, NULL, NULL, NULL, NULL, 1),
(609, 12, 14, '200.00', NULL, NULL, NULL, NULL, NULL, NULL, NULL, NULL, 1),
(610, 12, 14, '200.00', 2, 15, 425.00, NULL, NULL, NULL, NULL, NULL, 1),
(611, 12, 14, '200.00', 2, 11, 425.00, NULL, NULL, NULL, NULL, NULL, 1),
(612, 13, 14, '200.00', NULL, NULL, NULL, NULL, NULL, NULL, NULL, NULL, 1),
(613, 13, 14, '200.00', NULL, NULL, NULL, NULL, NULL, NULL, NULL, NULL, 1),
(614, 13, 14, '200.00', NULL, NULL, NULL, NULL, NULL, NULL, NULL, NULL, 1),
(615, 13, 14, '200.00', NULL, NULL, NULL, NULL, NULL, NULL, NULL, NULL, 1),
(616, 13, 14, '200.00', NULL, NULL, NULL, NULL, NULL, NULL, NULL, NULL, 1),
(617, 13, 14, '200.00', NULL, NULL, NULL, NULL, NULL, NULL, NULL, NULL, 1),
(618, 13, 14, '200.00', NULL, NULL, NULL, NULL, NULL, NULL, NULL, NULL, 1),
(619, 13, 14, '200.00', NULL, NULL, NULL, NULL, NULL, NULL, NULL, NULL, 1),
(620, 13, 14, '200.00', NULL, NULL, NULL, NULL, NULL, NULL, NULL, NULL, 1),
(621, 13, 14, '200.00', NULL, NULL, NULL, NULL, NULL, NULL, NULL, NULL, 1),
(622, 13, 14, '200.00', NULL, NULL, NULL, NULL, NULL, NULL, NULL, NULL, 1),
(623, 13, 14, '200.00', NULL, NULL, NULL, NULL, NULL, NULL, NULL, NULL, 1),
(624, 13, 14, '200.00', NULL, NULL, NULL, NULL, NULL, NULL, NULL, NULL, 1),
(625, 13, 14, '200.00', NULL, NULL, NULL, NULL, NULL, NULL, NULL, NULL, 1),
(626, 13, 14, '200.00', NULL, NULL, NULL, NULL, NULL, NULL, NULL, NULL, 1),
(627, 13, 14, '200.00', NULL, NULL, NULL, NULL, NULL, NULL, NULL, NULL, 1),
(628, 13, 14, '200.00', NULL, NULL, NULL, NULL, NULL, NULL, NULL, NULL, 1),
(629, 13, 14, '200.00', NULL, NULL, NULL, NULL, NULL, NULL, NULL, NULL, 1),
(630, 13, 14, '200.00', NULL, NULL, NULL, NULL, NULL, NULL, NULL, NULL, 1),
(631, 13, 14, '200.00', NULL, NULL, NULL, NULL, NULL, NULL, NULL, NULL, 1),
(632, 13, 14, '200.00', NULL, NULL, NULL, NULL, NULL, NULL, NULL, NULL, 1),
(633, 13, 14, '200.00', NULL, NULL, NULL, NULL, NULL, NULL, NULL, NULL, 1),
(634, 14, 14, '200.00', NULL, NULL, NULL, NULL, NULL, NULL, NULL, NULL, 1),
(635, 14, 14, '200.00', NULL, NULL, NULL, NULL, NULL, NULL, NULL, NULL, 1),
(636, 14, 14, '200.00', NULL, NULL, NULL, NULL, NULL, NULL, NULL, NULL, 1),
(637, 14, 14, '200.00', NULL, NULL, NULL, NULL, NULL, NULL, NULL, NULL, 1),
(638, 14, 14, '200.00', NULL, NULL, NULL, NULL, NULL, NULL, NULL, NULL, 1),
(639, 14, 14, '200.00', NULL, NULL, NULL, NULL, NULL, NULL, NULL, NULL, 1),
(640, 14, 14, '200.00', NULL, NULL, NULL, NULL, NULL, NULL, NULL, NULL, 1),
(641, 14, 14, '200.00', NULL, NULL, NULL, NULL, NULL, NULL, NULL, NULL, 1),
(642, 14, 14, '200.00', NULL, NULL, NULL, NULL, NULL, NULL, NULL, NULL, 1),
(643, 14, 14, '200.00', NULL, NULL, NULL, NULL, NULL, NULL, NULL, NULL, 1),
(644, 14, 14, '200.00', NULL, NULL, NULL, NULL, NULL, NULL, NULL, NULL, 1),
(645, 14, 14, '200.00', NULL, NULL, NULL, NULL, NULL, NULL, NULL, NULL, 1),
(646, 14, 14, '200.00', NULL, NULL, NULL, NULL, NULL, NULL, NULL, NULL, 1),
(647, 14, 14, '200.00', NULL, NULL, NULL, NULL, NULL, NULL, NULL, NULL, 1),
(648, 14, 14, '200.00', NULL, NULL, NULL, NULL, NULL, NULL, NULL, NULL, 1),
(649, 14, 14, '200.00', NULL, NULL, NULL, NULL, NULL, NULL, NULL, NULL, 1),
(650, 14, 14, '200.00', NULL, NULL, NULL, NULL, NULL, NULL, NULL, NULL, 1),
(651, 14, 14, '200.00', NULL, NULL, NULL, NULL, NULL, NULL, NULL, NULL, 1),
(652, 14, 14, '200.00', NULL, NULL, NULL, NULL, NULL, NULL, NULL, NULL, 1),
(653, 14, 14, '200.00', NULL, NULL, NULL, NULL, NULL, NULL, NULL, NULL, 1),
(654, 14, 14, '200.00', NULL, NULL, NULL, NULL, NULL, NULL, NULL, NULL, 1),
(655, 14, 14, '200.00', NULL, NULL, NULL, NULL, NULL, NULL, NULL, NULL, 1),
(656, 14, 14, '200.00', NULL, NULL, NULL, NULL, NULL, NULL, NULL, NULL, 1),
(657, 14, 14, '200.00', NULL, NULL, NULL, NULL, NULL, NULL, NULL, NULL, 1),
(658, 14, 14, '200.00', NULL, NULL, NULL, NULL, NULL, NULL, NULL, NULL, 1),
(659, 14, 14, '200.00', NULL, NULL, NULL, NULL, NULL, NULL, NULL, NULL, 1),
(660, 14, 14, '200.00', NULL, NULL, NULL, NULL, NULL, NULL, NULL, NULL, 1),
(661, 14, 14, '200.00', NULL, NULL, NULL, NULL, NULL, NULL, NULL, NULL, 1),
(662, 14, 14, '200.00', NULL, NULL, NULL, NULL, NULL, NULL, NULL, NULL, 1),
(663, 14, 14, '200.00', NULL, NULL, NULL, NULL, NULL, NULL, NULL, NULL, 1),
(664, 14, 14, '200.00', NULL, NULL, NULL, NULL, NULL, NULL, NULL, NULL, 1),
(665, 14, 14, '200.00', NULL, NULL, NULL, NULL, NULL, NULL, NULL, NULL, 1),
(666, 14, 14, '200.00', 2, 15, 425.00, NULL, NULL, NULL, NULL, NULL, 1),
(667, 14, 14, '200.00', 2, 11, 425.00, NULL, NULL, NULL, NULL, NULL, 1),
(668, 15, 14, '200.00', NULL, NULL, NULL, NULL, NULL, NULL, NULL, NULL, 1),
(669, 15, 14, '200.00', NULL, NULL, NULL, NULL, NULL, NULL, NULL, NULL, 1),
(670, 15, 14, '200.00', NULL, NULL, NULL, NULL, NULL, NULL, NULL, NULL, 1),
(671, 15, 14, '200.00', NULL, NULL, NULL, NULL, NULL, NULL, NULL, NULL, 1),
(672, 15, 14, '200.00', NULL, NULL, NULL, NULL, NULL, NULL, NULL, NULL, 1),
(673, 15, 14, '200.00', NULL, NULL, NULL, NULL, NULL, NULL, NULL, NULL, 1),
(674, 15, 14, '200.00', NULL, NULL, NULL, NULL, NULL, NULL, NULL, NULL, 1),
(675, 15, 14, '200.00', NULL, NULL, NULL, NULL, NULL, NULL, NULL, NULL, 1);
INSERT INTO `movimientos_productos` (`id`, `producto_id`, `compra_id`, `producto_precioCompra`, `local_id`, `consignacion_id`, `consignacionPrecio`, `venta_oficina_id`, `fechaVendido`, `vendidoPrecio`, `recibo_id`, `devolucion`, `status`) VALUES
(676, 15, 14, '200.00', NULL, NULL, NULL, NULL, NULL, NULL, NULL, NULL, 1),
(677, 15, 14, '200.00', NULL, NULL, NULL, NULL, NULL, NULL, NULL, NULL, 1),
(678, 15, 14, '200.00', NULL, NULL, NULL, NULL, NULL, NULL, NULL, NULL, 1),
(679, 15, 14, '200.00', NULL, NULL, NULL, NULL, NULL, NULL, NULL, NULL, 1),
(680, 15, 14, '200.00', NULL, NULL, NULL, NULL, NULL, NULL, NULL, NULL, 1),
(681, 1, 15, '1265.00', NULL, NULL, NULL, NULL, NULL, NULL, NULL, NULL, 1),
(682, 1, 15, '1265.00', NULL, NULL, NULL, NULL, NULL, NULL, NULL, NULL, 1),
(683, 1, 15, '1265.00', NULL, NULL, NULL, NULL, NULL, NULL, NULL, NULL, 1),
(684, 1, 15, '1265.00', NULL, NULL, NULL, NULL, NULL, NULL, NULL, NULL, 1),
(685, 1, 15, '1265.00', NULL, NULL, NULL, NULL, NULL, NULL, NULL, NULL, 1),
(686, 1, 15, '1265.00', NULL, NULL, NULL, NULL, NULL, NULL, NULL, NULL, 1),
(687, 1, 15, '1265.00', NULL, NULL, NULL, NULL, NULL, NULL, NULL, NULL, 1),
(688, 1, 15, '1265.00', NULL, NULL, NULL, NULL, NULL, NULL, NULL, NULL, 1),
(689, 2, 15, '1265.00', 2, 16, 1265.00, NULL, NULL, NULL, NULL, NULL, 1),
(690, 2, 15, '1265.00', 2, 14, 1265.00, NULL, '2013-12-27 12:46:11', '1265.00', 7, NULL, 1),
(691, 2, 15, '1265.00', 2, 14, 1265.00, NULL, '2013-12-27 12:46:14', '1265.00', 7, NULL, 1),
(692, 2, 15, '1265.00', 2, 13, 1265.00, NULL, '2013-12-27 12:49:43', '1265.00', 7, NULL, 1),
(693, 2, 15, '1265.00', 2, 9, 1265.00, NULL, '2013-12-27 12:44:56', '1265.00', 7, NULL, 1),
(694, 2, 15, '1265.00', 2, 9, 1265.00, NULL, '2013-12-27 12:45:01', '1265.00', 7, NULL, 1),
(695, 2, 15, '1265.00', 2, 9, 1265.00, NULL, '2013-12-27 12:44:52', '1265.00', 7, NULL, 1),
(696, 2, 15, '1265.00', 2, 9, 1265.00, NULL, '2013-12-27 12:45:05', '1265.00', 7, NULL, 1),
(697, 2, 15, '1265.00', 2, 7, 1265.00, NULL, '2013-12-27 12:16:30', '1265.00', 6, NULL, 1),
(698, 2, 15, '1265.00', 2, 7, 1265.00, NULL, '2013-12-27 12:16:35', '1265.00', 6, NULL, 1),
(699, 2, 15, '1265.00', 2, 7, 1265.00, NULL, '2013-12-27 12:16:39', '1265.00', 6, NULL, 1),
(700, 2, 15, '1265.00', 2, 7, 1265.00, NULL, '2013-12-27 12:16:27', '1265.00', 6, NULL, 1),
(701, 2, 15, '1265.00', 2, 6, 1265.00, NULL, '2013-12-27 12:04:10', '1265.00', 5, NULL, 1),
(702, 2, 15, '1265.00', 2, 4, 1265.00, NULL, '2013-12-27 12:03:29', '1265.00', 5, NULL, 1),
(703, 2, 15, '1265.00', NULL, NULL, NULL, 2, '2013-12-26 15:14:46', '0.00', NULL, NULL, 1),
(704, 6, 15, '1265.00', NULL, NULL, NULL, NULL, NULL, NULL, NULL, NULL, 1),
(705, 6, 15, '1265.00', NULL, NULL, NULL, NULL, NULL, NULL, NULL, NULL, 1),
(706, 6, 15, '1265.00', NULL, NULL, NULL, NULL, NULL, NULL, NULL, NULL, 1),
(707, 6, 15, '1265.00', NULL, NULL, NULL, NULL, NULL, NULL, NULL, NULL, 1),
(708, 6, 15, '1265.00', NULL, NULL, NULL, NULL, NULL, NULL, NULL, NULL, 1),
(709, 6, 15, '1265.00', 2, 14, 1265.00, NULL, '2013-12-27 12:47:42', '1265.00', 7, NULL, 1),
(710, 6, 15, '1265.00', 2, 10, 1265.00, NULL, '2013-12-27 12:46:59', '1265.00', 7, NULL, 1),
(711, 6, 15, '1265.00', NULL, NULL, NULL, 2, '2013-12-26 15:14:46', '0.00', NULL, NULL, 1),
(712, 7, 15, '1265.00', NULL, NULL, NULL, NULL, NULL, NULL, NULL, NULL, 1),
(713, 7, 15, '1265.00', NULL, NULL, NULL, NULL, NULL, NULL, NULL, NULL, 1),
(714, 7, 15, '1265.00', NULL, NULL, NULL, NULL, NULL, NULL, NULL, NULL, 1),
(715, 7, 15, '1265.00', NULL, NULL, NULL, NULL, NULL, NULL, NULL, NULL, 1),
(716, 7, 15, '1265.00', NULL, NULL, NULL, NULL, NULL, NULL, NULL, NULL, 1),
(717, 7, 15, '1265.00', NULL, NULL, NULL, NULL, NULL, NULL, NULL, NULL, 1),
(718, 7, 15, '1265.00', NULL, NULL, NULL, NULL, NULL, NULL, NULL, NULL, 1),
(719, 7, 15, '1265.00', NULL, NULL, NULL, NULL, NULL, NULL, NULL, NULL, 1),
(720, 8, 15, '1815.00', NULL, NULL, NULL, NULL, NULL, NULL, NULL, NULL, 1),
(721, 8, 15, '1815.00', NULL, NULL, NULL, NULL, NULL, NULL, NULL, NULL, 1),
(722, 8, 15, '1815.00', NULL, NULL, NULL, NULL, NULL, NULL, NULL, NULL, 1),
(723, 8, 15, '1815.00', NULL, NULL, NULL, NULL, NULL, NULL, NULL, NULL, 1),
(724, 8, 15, '1815.00', NULL, NULL, NULL, NULL, NULL, NULL, NULL, NULL, 1),
(725, 9, 15, '1815.00', NULL, NULL, NULL, NULL, NULL, NULL, NULL, NULL, 1),
(726, 9, 15, '1815.00', NULL, NULL, NULL, NULL, NULL, NULL, NULL, NULL, 1),
(727, 9, 15, '1815.00', NULL, NULL, NULL, NULL, NULL, NULL, NULL, NULL, 1),
(728, 9, 15, '1815.00', NULL, NULL, NULL, NULL, NULL, NULL, NULL, NULL, 1),
(729, 9, 15, '1815.00', NULL, NULL, NULL, NULL, NULL, NULL, NULL, NULL, 1),
(730, 17, 15, '1650.00', NULL, NULL, NULL, NULL, NULL, NULL, NULL, NULL, 1),
(731, 17, 15, '1650.00', NULL, NULL, NULL, NULL, NULL, NULL, NULL, NULL, 1),
(732, 17, 15, '1650.00', NULL, NULL, NULL, NULL, NULL, NULL, NULL, NULL, 1),
(733, 17, 15, '1650.00', NULL, NULL, NULL, NULL, NULL, NULL, NULL, NULL, 1),
(734, 17, 15, '1650.00', NULL, NULL, NULL, NULL, NULL, NULL, NULL, NULL, 1),
(735, 20, 15, '2365.00', NULL, NULL, NULL, NULL, NULL, NULL, NULL, NULL, 1),
(736, 20, 15, '2365.00', NULL, NULL, NULL, NULL, NULL, NULL, NULL, NULL, 1),
(737, 22, 15, '2365.00', NULL, NULL, NULL, NULL, NULL, NULL, NULL, NULL, 1),
(738, 22, 15, '2365.00', NULL, NULL, NULL, NULL, NULL, NULL, NULL, NULL, 1),
(739, 23, 15, '1760.00', 2, 5, 1760.00, NULL, NULL, NULL, NULL, NULL, 1),
(740, 23, 15, '1760.00', 2, 4, 1760.00, NULL, '2013-12-27 12:38:54', '1760.00', 7, NULL, 1),
(741, 24, 15, '1760.00', NULL, NULL, NULL, NULL, NULL, NULL, NULL, NULL, 1),
(742, 24, 15, '1760.00', NULL, NULL, NULL, NULL, NULL, NULL, NULL, NULL, 1),
(743, 24, 15, '1760.00', NULL, NULL, NULL, NULL, NULL, NULL, NULL, NULL, 1),
(744, 25, 15, '1760.00', 2, 3, 1760.00, NULL, NULL, NULL, NULL, NULL, 1),
(745, 25, 15, '1760.00', 1, 1, 1760.00, NULL, '2013-12-26 16:57:55', '1760.00', 2, NULL, 1),
(746, 26, 15, '1760.00', NULL, NULL, NULL, NULL, NULL, NULL, NULL, NULL, 1),
(747, 26, 15, '1760.00', NULL, NULL, NULL, NULL, NULL, NULL, NULL, NULL, 1),
(748, 26, 15, '1760.00', NULL, NULL, NULL, NULL, NULL, NULL, NULL, NULL, 1),
(749, 27, 16, '990.00', NULL, NULL, NULL, NULL, NULL, NULL, NULL, NULL, 1),
(750, 27, 16, '990.00', NULL, NULL, NULL, NULL, NULL, NULL, NULL, NULL, 1),
(751, 27, 16, '990.00', NULL, NULL, NULL, NULL, NULL, NULL, NULL, NULL, 1),
(752, 27, 16, '990.00', NULL, NULL, NULL, NULL, NULL, NULL, NULL, NULL, 1),
(753, 27, 16, '990.00', NULL, NULL, NULL, NULL, NULL, NULL, NULL, NULL, 1),
(754, 28, 16, '990.00', NULL, NULL, NULL, NULL, NULL, NULL, NULL, NULL, 1),
(755, 28, 16, '990.00', NULL, NULL, NULL, NULL, NULL, NULL, NULL, NULL, 1),
(756, 28, 16, '990.00', NULL, NULL, NULL, NULL, NULL, NULL, NULL, NULL, 1),
(757, 28, 16, '990.00', NULL, NULL, NULL, NULL, NULL, NULL, NULL, NULL, 1),
(758, 28, 16, '990.00', NULL, NULL, NULL, NULL, NULL, NULL, NULL, NULL, 1),
(759, 1, 17, '1265.00', NULL, NULL, NULL, NULL, NULL, NULL, NULL, NULL, 1),
(760, 1, 17, '1265.00', NULL, NULL, NULL, NULL, NULL, NULL, NULL, NULL, 1),
(761, 6, 17, '1265.00', 2, 6, 1265.00, NULL, '2013-12-27 12:18:41', '1265.00', 6, NULL, 1),
(762, 6, 17, '1265.00', 2, 5, 1265.00, NULL, '2013-12-27 11:50:17', '1265.00', 4, NULL, 1),
(763, 6, 17, '1265.00', 2, 4, 1265.00, NULL, '2013-12-27 12:03:36', '1265.00', 5, NULL, 1),
(764, 6, 17, '1265.00', 2, 3, 1265.00, NULL, '2013-12-27 11:49:54', '1265.00', 4, NULL, 1),
(765, 1, 18, '1265.00', NULL, NULL, NULL, NULL, NULL, NULL, NULL, NULL, 1),
(766, 1, 18, '1265.00', NULL, NULL, NULL, NULL, NULL, NULL, NULL, NULL, 1),
(767, 1, 18, '1265.00', NULL, NULL, NULL, NULL, NULL, NULL, NULL, NULL, 1),
(768, 1, 18, '1265.00', NULL, NULL, NULL, NULL, NULL, NULL, NULL, NULL, 1),
(769, 1, 18, '1265.00', NULL, NULL, NULL, NULL, NULL, NULL, NULL, NULL, 1),
(770, 1, 18, '1265.00', NULL, NULL, NULL, NULL, NULL, NULL, NULL, NULL, 1),
(771, 1, 18, '1265.00', NULL, NULL, NULL, NULL, NULL, NULL, NULL, NULL, 1),
(772, 1, 18, '1265.00', NULL, NULL, NULL, NULL, NULL, NULL, NULL, NULL, 1),
(773, 2, 18, '1265.00', 1, 2, 1265.00, NULL, '2013-12-26 16:56:45', '1265.00', 1, NULL, 1),
(774, 7, 18, '1265.00', NULL, NULL, NULL, NULL, NULL, NULL, NULL, NULL, 1),
(775, 7, 18, '1265.00', NULL, NULL, NULL, NULL, NULL, NULL, NULL, NULL, 1),
(776, 7, 18, '1265.00', NULL, NULL, NULL, NULL, NULL, NULL, NULL, NULL, 1),
(777, 7, 18, '1265.00', NULL, NULL, NULL, NULL, NULL, NULL, NULL, NULL, 1),
(778, 7, 18, '1265.00', NULL, NULL, NULL, NULL, NULL, NULL, NULL, NULL, 1),
(779, 7, 18, '1265.00', NULL, NULL, NULL, NULL, NULL, NULL, NULL, NULL, 1),
(780, 8, 18, '1815.00', NULL, NULL, NULL, NULL, NULL, NULL, NULL, NULL, 1),
(781, 8, 18, '1815.00', NULL, NULL, NULL, NULL, NULL, NULL, NULL, NULL, 1),
(782, 8, 18, '1815.00', NULL, NULL, NULL, NULL, NULL, NULL, NULL, NULL, 1),
(783, 8, 18, '1815.00', 2, 16, 1815.00, NULL, '2013-12-27 12:50:34', '1815.00', 7, NULL, 1),
(784, 8, 18, '1815.00', 2, 8, 1815.00, NULL, '2013-12-27 12:20:23', '1815.00', 6, NULL, 1),
(785, 8, 18, '1815.00', 2, 6, 1815.00, NULL, '2013-12-27 12:19:09', '1815.00', 6, NULL, 1),
(786, 8, 18, '1815.00', 1, 1, 1815.00, NULL, NULL, NULL, NULL, NULL, 1),
(787, 9, 18, '1815.00', NULL, NULL, NULL, NULL, NULL, NULL, NULL, NULL, 1),
(788, 9, 18, '1815.00', NULL, NULL, NULL, NULL, NULL, NULL, NULL, NULL, 1),
(789, 9, 18, '1815.00', NULL, NULL, NULL, NULL, NULL, NULL, NULL, NULL, 1),
(790, 9, 18, '1815.00', NULL, NULL, NULL, NULL, NULL, NULL, NULL, NULL, 1),
(791, 9, 18, '1815.00', NULL, NULL, NULL, NULL, NULL, NULL, NULL, NULL, 1),
(792, 9, 18, '1815.00', 2, 8, 1815.00, NULL, '2013-12-27 12:43:46', '1815.00', 7, NULL, 1),
(793, 9, 18, '1815.00', 2, 5, 1815.00, NULL, '2013-12-27 12:17:53', '1815.00', 6, NULL, 1),
(794, 13, 18, '200.00', NULL, NULL, NULL, NULL, NULL, NULL, NULL, NULL, 1),
(795, 13, 18, '200.00', NULL, NULL, NULL, NULL, NULL, NULL, NULL, NULL, 1),
(796, 13, 18, '200.00', NULL, NULL, NULL, NULL, NULL, NULL, NULL, NULL, 1),
(797, 13, 18, '200.00', NULL, NULL, NULL, NULL, NULL, NULL, NULL, NULL, 1),
(798, 13, 18, '200.00', NULL, NULL, NULL, NULL, NULL, NULL, NULL, NULL, 1),
(799, 13, 18, '200.00', NULL, NULL, NULL, NULL, NULL, NULL, NULL, NULL, 1),
(800, 13, 18, '200.00', NULL, NULL, NULL, NULL, NULL, NULL, NULL, NULL, 1),
(801, 13, 18, '200.00', NULL, NULL, NULL, NULL, NULL, NULL, NULL, NULL, 1),
(802, 13, 18, '200.00', 2, 15, 425.00, NULL, NULL, NULL, NULL, NULL, 1),
(803, 13, 18, '200.00', 2, 11, 425.00, NULL, '2013-12-27 12:48:55', '425.00', 7, NULL, 1),
(804, 15, 18, '200.00', NULL, NULL, NULL, NULL, NULL, NULL, NULL, NULL, 1),
(805, 15, 18, '200.00', NULL, NULL, NULL, NULL, NULL, NULL, NULL, NULL, 1),
(806, 15, 18, '200.00', NULL, NULL, NULL, NULL, NULL, NULL, NULL, NULL, 1),
(807, 15, 18, '200.00', NULL, NULL, NULL, NULL, NULL, NULL, NULL, NULL, 1),
(808, 15, 18, '200.00', NULL, NULL, NULL, NULL, NULL, NULL, NULL, NULL, 1),
(809, 15, 18, '200.00', NULL, NULL, NULL, NULL, NULL, NULL, NULL, NULL, 1),
(810, 15, 18, '200.00', NULL, NULL, NULL, NULL, NULL, NULL, NULL, NULL, 1),
(811, 15, 18, '200.00', NULL, NULL, NULL, NULL, NULL, NULL, NULL, NULL, 1),
(812, 15, 18, '200.00', NULL, NULL, NULL, NULL, NULL, NULL, NULL, NULL, 1),
(813, 15, 18, '200.00', NULL, NULL, NULL, NULL, NULL, NULL, NULL, NULL, 1),
(814, 15, 18, '200.00', NULL, NULL, NULL, NULL, NULL, NULL, NULL, NULL, 1),
(815, 15, 18, '200.00', NULL, NULL, NULL, NULL, NULL, NULL, NULL, NULL, 1),
(816, 15, 18, '200.00', 2, 15, 425.00, NULL, NULL, NULL, NULL, NULL, 1),
(817, 15, 18, '200.00', 2, 11, 425.00, NULL, NULL, NULL, NULL, NULL, 1),
(818, 16, 18, '200.00', NULL, NULL, NULL, NULL, NULL, NULL, NULL, NULL, 1),
(819, 16, 18, '200.00', NULL, NULL, NULL, NULL, NULL, NULL, NULL, NULL, 1),
(820, 16, 18, '200.00', NULL, NULL, NULL, NULL, NULL, NULL, NULL, NULL, 1),
(821, 16, 18, '200.00', NULL, NULL, NULL, NULL, NULL, NULL, NULL, NULL, 1),
(822, 16, 18, '200.00', NULL, NULL, NULL, NULL, NULL, NULL, NULL, NULL, 1),
(823, 16, 18, '200.00', NULL, NULL, NULL, NULL, NULL, NULL, NULL, NULL, 1),
(824, 16, 18, '200.00', NULL, NULL, NULL, NULL, NULL, NULL, NULL, NULL, 1),
(825, 16, 18, '200.00', NULL, NULL, NULL, NULL, NULL, NULL, NULL, NULL, 1),
(826, 16, 18, '200.00', NULL, NULL, NULL, NULL, NULL, NULL, NULL, NULL, 1),
(827, 16, 18, '200.00', NULL, NULL, NULL, NULL, NULL, NULL, NULL, NULL, 1),
(828, 16, 18, '200.00', NULL, NULL, NULL, NULL, NULL, NULL, NULL, NULL, 1),
(829, 16, 18, '200.00', NULL, NULL, NULL, NULL, NULL, NULL, NULL, NULL, 1),
(830, 16, 18, '200.00', NULL, NULL, NULL, NULL, NULL, NULL, NULL, NULL, 1),
(831, 16, 18, '200.00', NULL, NULL, NULL, NULL, NULL, NULL, NULL, NULL, 1),
(832, 16, 18, '200.00', NULL, NULL, NULL, NULL, NULL, NULL, NULL, NULL, 1),
(833, 16, 18, '200.00', NULL, NULL, NULL, NULL, NULL, NULL, NULL, NULL, 1),
(834, 16, 18, '200.00', NULL, NULL, NULL, NULL, NULL, NULL, NULL, NULL, 1),
(835, 16, 18, '200.00', NULL, NULL, NULL, NULL, NULL, NULL, NULL, NULL, 1),
(836, 16, 18, '200.00', NULL, NULL, NULL, NULL, NULL, NULL, NULL, NULL, 1),
(837, 16, 18, '200.00', NULL, NULL, NULL, NULL, NULL, NULL, NULL, NULL, 1),
(838, 17, 18, '1650.00', NULL, NULL, NULL, NULL, NULL, NULL, NULL, NULL, 1),
(839, 17, 18, '1650.00', NULL, NULL, NULL, NULL, NULL, NULL, NULL, NULL, 1),
(840, 17, 18, '1650.00', NULL, NULL, NULL, NULL, NULL, NULL, NULL, NULL, 1),
(841, 17, 18, '1650.00', NULL, NULL, NULL, NULL, NULL, NULL, NULL, NULL, 1),
(842, 17, 18, '1650.00', NULL, NULL, NULL, NULL, NULL, NULL, NULL, NULL, 1),
(843, 17, 18, '1650.00', NULL, NULL, NULL, NULL, NULL, NULL, NULL, NULL, 1),
(844, 17, 18, '1650.00', NULL, NULL, NULL, NULL, NULL, NULL, NULL, NULL, 1),
(845, 17, 18, '1650.00', NULL, NULL, NULL, NULL, NULL, NULL, NULL, NULL, 1),
(846, 17, 18, '1650.00', NULL, NULL, NULL, NULL, NULL, NULL, NULL, NULL, 1),
(847, 17, 18, '1650.00', 2, 8, 1650.00, NULL, NULL, NULL, NULL, NULL, 1),
(848, 18, 18, '1650.00', 2, 5, 1650.00, NULL, '2013-12-27 12:17:38', '1650.00', 6, NULL, 1),
(849, 18, 18, '1650.00', 1, 1, 1650.00, NULL, NULL, NULL, NULL, NULL, 1),
(850, 19, 18, '2365.00', NULL, NULL, NULL, NULL, NULL, NULL, NULL, NULL, 1),
(851, 19, 18, '2365.00', NULL, NULL, NULL, NULL, NULL, NULL, NULL, NULL, 1),
(852, 27, 18, '790.00', NULL, NULL, NULL, NULL, NULL, NULL, NULL, NULL, 1),
(853, 27, 18, '790.00', NULL, NULL, NULL, NULL, NULL, NULL, NULL, NULL, 1),
(854, 27, 18, '790.00', NULL, NULL, NULL, NULL, NULL, NULL, NULL, NULL, 1),
(855, 27, 18, '790.00', NULL, NULL, NULL, NULL, NULL, NULL, NULL, NULL, 1),
(856, 27, 18, '790.00', NULL, NULL, NULL, NULL, NULL, NULL, NULL, NULL, 1),
(857, 28, 18, '790.00', NULL, NULL, NULL, NULL, NULL, NULL, NULL, NULL, 1),
(858, 28, 18, '790.00', NULL, NULL, NULL, NULL, NULL, NULL, NULL, NULL, 1),
(859, 28, 18, '790.00', NULL, NULL, NULL, NULL, NULL, NULL, NULL, NULL, 1),
(860, 28, 18, '790.00', NULL, NULL, NULL, NULL, NULL, NULL, NULL, NULL, 1),
(861, 28, 18, '790.00', NULL, NULL, NULL, NULL, NULL, NULL, NULL, NULL, 1),
(862, 1, 19, '1265.00', NULL, NULL, NULL, NULL, NULL, NULL, NULL, NULL, 1),
(863, 1, 19, '1265.00', NULL, NULL, NULL, NULL, NULL, NULL, NULL, NULL, 1),
(864, 1, 19, '1265.00', NULL, NULL, NULL, NULL, NULL, NULL, NULL, NULL, 1),
(865, 1, 19, '1265.00', NULL, NULL, NULL, NULL, NULL, NULL, NULL, NULL, 1),
(866, 1, 19, '1265.00', NULL, NULL, NULL, NULL, NULL, NULL, NULL, NULL, 1),
(867, 1, 19, '1265.00', NULL, NULL, NULL, NULL, NULL, NULL, NULL, NULL, 1),
(868, 1, 19, '1265.00', NULL, NULL, NULL, NULL, NULL, NULL, NULL, NULL, 1),
(869, 1, 19, '1265.00', NULL, NULL, NULL, NULL, NULL, NULL, NULL, NULL, 1),
(870, 1, 19, '1265.00', NULL, NULL, NULL, NULL, NULL, NULL, NULL, NULL, 1),
(871, 1, 19, '1265.00', NULL, NULL, NULL, NULL, NULL, NULL, NULL, NULL, 1),
(872, 1, 19, '1265.00', NULL, NULL, NULL, NULL, NULL, NULL, NULL, NULL, 1),
(873, 1, 19, '1265.00', 2, 14, 1265.00, NULL, NULL, NULL, NULL, NULL, 1),
(874, 1, 19, '1265.00', 2, 9, 1265.00, NULL, '2013-12-27 12:20:52', '1265.00', 6, NULL, 1),
(875, 1, 19, '1265.00', 2, 6, 1265.00, NULL, '2013-12-27 12:03:57', '1265.00', 5, NULL, 1),
(876, 7, 19, '1265.00', NULL, NULL, NULL, NULL, NULL, NULL, NULL, NULL, 1),
(877, 7, 19, '1265.00', NULL, NULL, NULL, NULL, NULL, NULL, NULL, NULL, 1),
(878, 7, 19, '1265.00', NULL, NULL, NULL, NULL, NULL, NULL, NULL, NULL, 1),
(879, 7, 19, '1265.00', 2, 14, 1265.00, NULL, NULL, NULL, NULL, NULL, 1),
(880, 7, 19, '1265.00', 2, 6, 1265.00, NULL, '2013-12-27 12:18:56', '1265.00', 6, NULL, 1),
(881, 7, 19, '1265.00', 2, 3, 1265.00, NULL, '2013-12-27 11:49:38', '1265.00', 4, NULL, 1),
(882, 7, 19, '1265.00', 1, 1, 1265.00, NULL, '2013-12-26 16:57:58', '1265.00', 2, NULL, 1);

-- --------------------------------------------------------

--
-- Table structure for table `nc_productos`
--

CREATE TABLE IF NOT EXISTS `nc_productos` (
  `id` int(11) NOT NULL AUTO_INCREMENT,
  `producto_id` int(11) NOT NULL,
  `nc_id` int(11) NOT NULL,
  `cantidad` int(11) NOT NULL,
  `producto_precio` decimal(10,2) NOT NULL,
  PRIMARY KEY (`id`)
) ENGINE=InnoDB DEFAULT CHARSET=latin1 AUTO_INCREMENT=1 ;

-- --------------------------------------------------------

--
-- Table structure for table `nota_de_credito`
--

CREATE TABLE IF NOT EXISTS `nota_de_credito` (
  `id` int(11) NOT NULL AUTO_INCREMENT,
  `ncNumero` int(11) NOT NULL,
  `fechaManual` date NOT NULL,
  `fechaAuto` datetime NOT NULL,
  `detalle` text NOT NULL,
  `total` decimal(10,2) NOT NULL,
  `local_id` int(11) NOT NULL,
  `status` tinyint(1) NOT NULL,
  PRIMARY KEY (`id`)
) ENGINE=InnoDB DEFAULT CHARSET=latin1 AUTO_INCREMENT=1 ;

-- --------------------------------------------------------

--
-- Table structure for table `producto`
--

CREATE TABLE IF NOT EXISTS `producto` (
  `id` int(11) NOT NULL AUTO_INCREMENT,
  `nombre` varchar(150) NOT NULL,
  `precio` decimal(10,2) NOT NULL,
  `precioOficina` decimal(10,2) NOT NULL,
  `status` tinyint(4) NOT NULL,
  PRIMARY KEY (`id`)
) ENGINE=InnoDB  DEFAULT CHARSET=latin1 AUTO_INCREMENT=30 ;

--
-- Dumping data for table `producto`
--

INSERT INTO `producto` (`id`, `nombre`, `precio`, `precioOficina`, `status`) VALUES
(1, '550014 - Manta (Crudo)', '1265.00', '1536.89', 1),
(2, '550021 - Manta (Beige)', '1265.00', '1536.89', 1),
(5, '550038 - Manta (Marrón)', '1265.00', '1536.89', 1),
(6, '550045 - Manta (Gris)', '1265.00', '1536.89', 1),
(7, '550052 - Manta (Negro)', '1265.00', '1536.89', 1),
(8, '550069 - Frazada Espiga (Beige)', '1815.00', '2151.64', 1),
(9, '550076 - Frazada Espiga (Gris)', '1815.00', '2151.64', 1),
(10, '330088 - Ruana Espiga (Beige)', '990.00', '1199.18', 1),
(11, '330099 - Ruana Espiga (Gris)', '990.00', '1199.18', 1),
(12, '440011 - Almohadón (Crudo)', '425.00', '572.13', 1),
(13, '440022 - Almohadón (Beige)', '425.00', '572.13', 1),
(14, '440033 - Almohadón (Marrón)', '425.00', '572.13', 1),
(15, '440044 - Almohadón (Gris)', '425.00', '572.13', 1),
(16, '440055 - Almohadón (Negro)', '425.00', '572.13', 1),
(17, '550083 - Frazada Natural (Crudo)', '1650.00', '2151.64', 1),
(18, '550090 - Frazada Natural (Beige)', '1650.00', '2151.64', 1),
(19, '550106 - Cuadros Grandes (Gris)', '2365.00', '2766.39', 1),
(20, '550113 - Cuadros Grandes (Azul)', '2365.00', '2766.39', 1),
(21, '550120 - Cuadros Grandes (Ladrillo)', '2365.00', '2766.39', 1),
(22, '550137 - Cuadros Grandes (Violeta)', '2365.00', '2766.39', 1),
(23, '550144 - Cuadros Chicos (Beige)', '1760.00', '2090.16', 1),
(24, '550151 - Cuadros Chicos (Gris)', '1760.00', '2090.16', 1),
(25, '550168 - Cuadros Chicos (Azul)', '1760.00', '2090.16', 1),
(26, '550175 - Cuadros Chicos (Ladrillo)', '1760.00', '2090.16', 1),
(27, '330011 - Ruana Natural (Crudo)', '790.00', '1199.18', 1),
(28, '330022 - Ruana Natural (Beige)', '790.00', '1199.18', 1),
(29, 'Frazada Berna (1 Plaza)', '690.00', '690.00', 1);

-- --------------------------------------------------------

--
-- Table structure for table `recibo`
--

CREATE TABLE IF NOT EXISTS `recibo` (
  `id` int(11) NOT NULL AUTO_INCREMENT,
  `reciboNumero` int(11) NOT NULL,
  `fechaManual` date NOT NULL,
  `fechaAuto` datetime NOT NULL,
  `total` decimal(10,2) NOT NULL,
  `detalle` text NOT NULL,
  `local_id` int(11) NOT NULL,
  `status` tinyint(1) NOT NULL,
  PRIMARY KEY (`id`)
) ENGINE=InnoDB  DEFAULT CHARSET=latin1 AUTO_INCREMENT=8 ;

--
-- Dumping data for table `recibo`
--

INSERT INTO `recibo` (`id`, `reciboNumero`, `fechaManual`, `fechaAuto`, `total`, `detalle`, `local_id`, `status`) VALUES
(1, 5, '2013-07-29', '2013-12-26 16:57:11', '1543.30', '', 1, 1),
(2, 25, '2013-09-11', '2013-12-26 16:58:23', '3690.50', '', 1, 1),
(3, 1, '2013-07-16', '2013-12-27 11:30:20', '6777.00', '', 2, 0),
(4, 1001, '2013-07-16', '2013-12-27 11:51:17', '6777.00', '', 2, 1),
(5, 15, '2013-08-20', '2013-12-27 12:04:28', '6173.20', '', 2, 1),
(6, 17, '2013-08-27', '2013-12-27 12:21:25', '22344.30', '', 2, 1),
(7, 53, '2013-12-05', '2013-12-27 12:52:30', '25614.00', '', 2, 1);

-- --------------------------------------------------------

--
-- Table structure for table `recibo_productos`
--

CREATE TABLE IF NOT EXISTS `recibo_productos` (
  `id` int(11) NOT NULL AUTO_INCREMENT,
  `producto_id` int(11) NOT NULL,
  `recibo_id` int(11) NOT NULL,
  `cantidad` int(11) NOT NULL,
  `producto_precio` decimal(10,2) NOT NULL,
  PRIMARY KEY (`id`)
) ENGINE=InnoDB  DEFAULT CHARSET=latin1 AUTO_INCREMENT=28 ;

--
-- Dumping data for table `recibo_productos`
--

INSERT INTO `recibo_productos` (`id`, `producto_id`, `recibo_id`, `cantidad`, `producto_precio`) VALUES
(1, 2, 1, 1, '1265.00'),
(2, 25, 2, 1, '1760.00'),
(3, 7, 2, 1, '1265.00'),
(4, 6, 3, 2, '1265.00'),
(5, 23, 3, 1, '1760.00'),
(6, 7, 3, 1, '1265.00'),
(7, 25, 4, 1, '1760.00'),
(8, 6, 4, 2, '1265.00'),
(9, 7, 4, 1, '1265.00'),
(10, 2, 5, 2, '1265.00'),
(11, 6, 5, 1, '1265.00'),
(12, 1, 5, 1, '1265.00'),
(13, 21, 6, 1, '2365.00'),
(14, 2, 6, 4, '1265.00'),
(15, 6, 6, 1, '1265.00'),
(16, 8, 6, 2, '1815.00'),
(17, 9, 6, 1, '1815.00'),
(18, 18, 6, 1, '1650.00'),
(19, 1, 6, 1, '1265.00'),
(20, 7, 6, 1, '1265.00'),
(21, 5, 7, 3, '1265.00'),
(22, 2, 7, 7, '1265.00'),
(23, 6, 7, 2, '1265.00'),
(24, 23, 7, 1, '1760.00'),
(25, 8, 7, 1, '1815.00'),
(26, 9, 7, 1, '1815.00'),
(27, 13, 7, 1, '425.00');

-- --------------------------------------------------------

--
-- Table structure for table `ventas_directa`
--

CREATE TABLE IF NOT EXISTS `ventas_directa` (
  `id` int(11) NOT NULL AUTO_INCREMENT,
  `facturaNumero` int(11) NOT NULL,
  `fechaManual` date NOT NULL,
  `fechaAuto` datetime NOT NULL,
  `cantidad` int(11) NOT NULL,
  `total` decimal(10,2) NOT NULL,
  `iva` decimal(10,2) NOT NULL,
  `total_iva_inc` decimal(10,2) NOT NULL,
  `cliente` varchar(150) NOT NULL,
  `status` int(11) NOT NULL,
  PRIMARY KEY (`id`)
) ENGINE=InnoDB  DEFAULT CHARSET=latin1 AUTO_INCREMENT=2 ;

--
-- Dumping data for table `ventas_directa`
--

INSERT INTO `ventas_directa` (`id`, `facturaNumero`, `fechaManual`, `fechaAuto`, `cantidad`, `total`, `iva`, `total_iva_inc`, `cliente`, `status`) VALUES
(1, 20509, '2013-11-25', '2013-12-26 16:30:21', 12, '8280.00', '1821.60', '10102.00', 'Henderson y CIA LTDA (T. Inglesa)', 1);

-- --------------------------------------------------------

--
-- Table structure for table `ventas_directa_productos`
--

CREATE TABLE IF NOT EXISTS `ventas_directa_productos` (
  `id` int(11) NOT NULL AUTO_INCREMENT,
  `producto_id` int(11) NOT NULL,
  `venta_directa_id` int(11) NOT NULL,
  `cantidad` tinyint(4) NOT NULL,
  `producto_precio` decimal(10,2) NOT NULL,
  PRIMARY KEY (`id`)
) ENGINE=InnoDB  DEFAULT CHARSET=latin1 AUTO_INCREMENT=2 ;

--
-- Dumping data for table `ventas_directa_productos`
--

INSERT INTO `ventas_directa_productos` (`id`, `producto_id`, `venta_directa_id`, `cantidad`, `producto_precio`) VALUES
(1, 29, 1, 12, '690.00');

-- --------------------------------------------------------

--
-- Table structure for table `ventas_oficina`
--

CREATE TABLE IF NOT EXISTS `ventas_oficina` (
  `id` int(11) NOT NULL AUTO_INCREMENT,
  `facturaNumero` int(11) NOT NULL,
  `fechaManual` date NOT NULL,
  `fechaAuto` datetime NOT NULL,
  `cantidad` int(11) NOT NULL,
  `total` decimal(10,2) NOT NULL,
  `iva` decimal(10,2) NOT NULL,
  `total_iva_inc` decimal(10,2) NOT NULL,
  `cliente` varchar(150) NOT NULL,
  `status` int(11) NOT NULL,
  PRIMARY KEY (`id`)
) ENGINE=InnoDB  DEFAULT CHARSET=latin1 AUTO_INCREMENT=3 ;

--
-- Dumping data for table `ventas_oficina`
--

INSERT INTO `ventas_oficina` (`id`, `facturaNumero`, `fechaManual`, `fechaAuto`, `cantidad`, `total`, `iva`, `total_iva_inc`, `cliente`, `status`) VALUES
(1, 2440, '2013-09-23', '2013-12-26 14:17:34', 1, '0.00', '0.00', '0.00', 'Ajuste Stock NC', 1),
(2, 2444, '2013-10-02', '2013-12-26 15:14:46', 2, '0.00', '0.00', '0.00', 'Ajuste Stock NC', 1);

-- --------------------------------------------------------

--
-- Table structure for table `ventas_oficina_productos`
--

CREATE TABLE IF NOT EXISTS `ventas_oficina_productos` (
  `id` int(11) NOT NULL AUTO_INCREMENT,
  `producto_id` int(11) NOT NULL,
  `venta_oficina_id` int(11) NOT NULL,
  `cantidad` tinyint(4) NOT NULL,
  `producto_precio` decimal(10,2) NOT NULL,
  PRIMARY KEY (`id`)
) ENGINE=InnoDB  DEFAULT CHARSET=latin1 AUTO_INCREMENT=4 ;

--
-- Dumping data for table `ventas_oficina_productos`
--

INSERT INTO `ventas_oficina_productos` (`id`, `producto_id`, `venta_oficina_id`, `cantidad`, `producto_precio`) VALUES
(1, 5, 1, 1, '0.00'),
(2, 2, 2, 1, '0.00'),
(3, 6, 2, 1, '0.00');

/*!40101 SET CHARACTER_SET_CLIENT=@OLD_CHARACTER_SET_CLIENT */;
/*!40101 SET CHARACTER_SET_RESULTS=@OLD_CHARACTER_SET_RESULTS */;
/*!40101 SET COLLATION_CONNECTION=@OLD_COLLATION_CONNECTION */;
